Province,Year,GDP_100M_Yuan,GDP_Per_Capita,GDP_Index,Primary_Industry_Value_Added,Secondary_Industry_Value_Added,Tertiary_Industry_Value_Added,Agriculture_Forestry_Livestock_Fishery_Value_Added,Industrial_Value_Added,Construction_Value_Added,Wholesale_Retail_Value_Added,Real_Estate_Value_Added,Accommodation_Catering_Value_Added,Other_Industries_Value_Added,Total_Population,Gender_Ratio_Female_100,All_Residents_Per_Capita_Disposable_Income,Urban_Per_Capita_Disposable_Income,Rural_Per_Capita_Disposable_Income,All_Residents_Per_Capita_Consumption_Expenditure,Urban_Per_Capita_Consumption_Expenditure,Rural_Per_Capita_Consumption_Expenditure,Resident_Consumption,Urban_Resident_Consumption_100M_Yuan,Rural_Resident_Consumption_100M_Yuan,Resident_Consumption_Level_Yuan,Urban_Resident_Consumption_Level_Yuan,Rural_Resident_Consumption_Level_Yuan,Urban_Registered_Unemployment_10K_People,Urban_Registered_Unemployment_Rate,Consumer_Price_Index,Resident_Consumption_Level_Index,Urban_Consumption_Level_Index,Rural_Consumption_Level_Index,Local_Government_Budget_Revenue,Local_Government_Budget_Expenditure,Expenditure_Method_GDP,Income_Method_GDP,Final_Consumption,Gross_Fixed_Capital_Formation,Final_Consumption_Rate,Government_Consumption,Labor_Compensation,Fixed_Asset_Depreciation,Net_Production_Taxes,Inventory_Increase,Primary_Industry_Share,Secondary_Industry_Share,Tertiary_Industry_Share,Urban_Rural_Income_Ratio,Government_Expenditure_GDP_Ratio,GDP_Per_Capita_10K_Yuan,GDP_Growth_Rate,Unemployment_Rate_Per_10K
上海市,2013,23204.1,95746.0,107.9,131.6,8286.5,14786.0,136.0,7765.3,586.5,3593.3,1917.4,318.2,5155.2,2448.0,106.24,42174.0,44878.0,19208.0,30400.0,32447.0,13016.0,9405.0,8893.5,511.5,39223.0,41464.0,20221.0,25.3,4.0,102.3,107.3,107.0,110.3,4109.51,4528.61,21602.1,23204.1,12516.3,7617.1,57.9,3111.3,9852.6,3076.8,4412.1,741.7,0.5671411517792114,35.71136135424343,63.72149749397737,2.3364223240316533,19.516421666860598,94.78799019607843,7.900000000000006,1.0334967320261437
上海市,2014,25269.8,102827.0,107.1,132.0,8633.3,16504.5,136.3,8099.9,601.4,3729.4,2121.1,368.8,5788.2,2467.0,106.7,45966.0,48841.0,21192.0,33065.0,35182.0,14820.0,10409.4,9835.4,574.0,43007.0,45352.0,22803.0,25.6,4.1,102.7,107.3,107.3,108.3,4585.55,4923.44,23567.7,25269.8,13858.1,8022.5,58.8,3448.8,10975.2,3220.7,4669.1,745.3,0.5223626621500763,34.16449675106253,65.31314058678738,2.304690449226123,19.483494131334638,102.43129306850426,7.099999999999994,1.0376976084312932
上海市,2015,26887.0,109186.0,107.0,125.5,8408.7,18352.8,129.7,7888.6,589.3,3892.2,2404.2,382.9,6367.3,2458.0,108.37,49867.0,52962.0,23205.0,34784.0,36946.0,16152.0,11089.6,10454.9,634.7,45816.0,48750.0,23005.0,24.8,4.0,102.4,106.5,107.4,100.7,5519.5,6191.56,25123.5,26887.0,14854.5,8999.9,59.1,3764.9,11818.2,3410.4,4852.4,551.0,0.46676832670063606,31.274221742849704,68.25900993044965,2.2823529411764705,23.02808048499275,109.38567941415785,7.0,1.0089503661513426
上海市,2016,29887.0,121369.0,106.9,114.3,8570.2,21202.4,118.3,8045.5,595.6,4218.5,3102.5,400.1,7453.9,2467.0,105.87,54305.0,57692.0,25520.0,37458.0,39857.0,17071.0,11994.8,11294.1,700.7,49617.0,53240.0,23660.0,24.3,4.1,103.2,106.7,107.6,101.4,6406.13,6918.94,28178.7,29887.0,16177.0,10631.4,57.4,4182.3,13213.2,3724.1,5314.7,689.8,0.38244180560713886,28.6754397411575,70.94211845323537,2.2606583072100315,23.15033292066785,121.14714227807053,6.900000000000006,0.9850020267531414
上海市,2017,32925.0,133489.0,107.0,110.8,9525.9,23288.3,115.1,8977.4,634.4,4562.9,2873.2,430.3,8615.6,2466.0,103.54,58988.0,62596.0,27825.0,39792.0,42304.0,18090.0,12970.1,12214.0,756.2,53617.0,57507.0,25622.0,22.1,3.9,101.7,107.3,107.2,107.6,6642.26,7547.62,30633.0,32925.0,17551.0,11507.2,57.3,4580.9,14997.1,3923.6,5224.4,685.9,0.3365223993925588,28.932118451025058,70.73135914958239,2.2496316262354,22.923675018982536,133.51581508515815,7.0,0.8961881589618816
上海市,2018,36011.8,145767.0,106.8,104.8,10360.8,25546.3,112.4,9763.5,685.7,4884.8,3185.3,451.6,9410.1,2475.0,106.61,64183.0,68034.0,30375.0,43351.0,46015.0,19965.0,,,,,,,19.4,3.5,101.6,,,,7108.15,8351.54,,,,,,,,,,,0.2910149145143689,28.770489754775507,70.93849533071014,2.2398024691358023,23.19112068821886,145.50222222222223,6.799999999999997,0.7838383838383837
上海市,2019,37987.6,153299.0,106.0,107.1,10193.6,27686.9,113.3,9565.1,716.2,5023.2,3300.7,458.9,10624.5,2481.0,107.86,69442.0,73615.0,33195.0,45605.0,48272.0,22449.0,,,,,,,19.3,3.6,102.5,,,,7165.1,8179.28,,,,,,,,,,,0.2819341048131495,26.834019522159856,72.88404637302698,2.217653261033288,21.531447103791766,153.11406690850464,6.0,0.7779121322047562
云南省,2013,12825.5,27665.0,112.2,1878.5,5000.5,5946.5,1912.8,3903.4,1100.0,1345.8,586.7,347.0,2363.9,4641.0,107.56,12578.0,22460.0,6724.0,8824.0,14862.0,5247.0,5244.6,3558.7,1685.9,11224.0,19089.0,6003.0,18.1,4.0,103.1,111.7,111.8,105.2,1611.3,4096.51,11720.9,12825.5,7364.2,9311.1,62.8,2119.6,6568.0,1602.9,1947.2,644.1,14.64660247163853,38.98873338271412,46.364664145647346,3.3402736466389054,31.94035320260419,27.635207929325578,12.200000000000003,0.3900021547080371
云南省,2014,14041.7,30217.0,108.1,2007.4,5376.5,6657.7,2045.4,4085.0,1294.6,1469.8,659.7,384.8,2629.4,4653.0,105.4,13772.0,24299.0,7456.0,9870.0,16268.0,6030.0,5750.9,3781.0,1969.9,12235.0,19569.0,7116.0,19.2,4.0,102.4,107.7,102.3,114.8,1698.06,4437.98,12814.6,14041.7,8207.5,10918.8,64.0,2456.6,7208.4,1812.3,2084.9,759.8,14.296091613491344,38.289796034639934,47.41411235186874,3.258986051502146,31.605717256457545,30.17773479475607,8.099999999999994,0.41263700838168926
云南省,2015,14960.0,32117.0,108.7,2079.3,5491.7,7389.0,2121.8,4044.5,1450.5,1583.3,709.7,398.1,3000.6,4663.0,104.98,15223.0,26373.0,8242.0,11005.0,17675.0,6830.0,6354.3,4252.9,2101.3,13401.0,20699.0,7820.0,19.5,4.0,101.9,110.9,109.4,108.6,1808.1,4712.83,13619.2,14960.0,8855.3,12080.1,65.0,2501.1,7864.2,1939.7,2052.5,526.8,13.899064171122996,36.709224598930476,49.39171122994652,3.1998301383159427,31.5028743315508,32.08235041818572,8.700000000000003,0.4181857173493459
云南省,2016,16369.0,35051.0,108.7,2225.5,5747.4,8396.1,2272.6,4087.5,1663.4,1732.5,819.4,435.4,3496.8,4677.0,102.16,16720.0,28611.0,9020.0,11769.0,18622.0,7331.0,6912.8,4699.7,2213.1,14534.0,22365.0,8336.0,20.1,3.6,101.5,106.8,104.3,106.7,1812.29,5018.86,14788.4,16369.0,9592.7,13321.1,64.9,2680.0,8775.9,2122.2,2105.5,582.2,13.595821369662167,35.11149123342904,51.292687396908796,3.171951219512195,30.660761194941657,34.99893093863588,8.700000000000003,0.4297626683771648
云南省,2017,18486.0,39458.0,109.5,2338.4,6317.8,9829.8,2388.6,4347.8,1973.7,1941.1,1006.1,486.4,4208.5,4693.0,107.41,18348.0,30996.0,9862.0,12658.0,19560.0,8027.0,7599.8,5265.0,2334.8,15831.0,23490.0,9123.0,19.8,3.2,100.9,106.8,102.5,108.3,1886.17,5712.97,16376.3,18486.0,10506.1,14825.5,64.2,2906.3,10051.9,2433.8,2276.4,661.5,12.649572649572649,34.176133290057344,53.17429406037001,3.142973027783411,30.904305961267987,39.390581717451525,9.5,0.42190496484125295
云南省,2018,20880.6,44446.0,108.9,2498.7,7267.5,11114.5,2552.6,4911.7,2360.0,2187.3,1278.2,539.2,4697.9,4703.0,107.67,20084.0,33488.0,10768.0,14250.0,21626.0,9123.0,,,,,,,20.9,3.4,101.6,,,,1994.35,6075.03,,,,,,,,,,,11.966552845450583,34.804867652904356,53.22857950164506,3.109955423476969,29.094135225999253,44.398469062300656,8.900000000000006,0.44439719328088456
云南省,2019,23223.8,49323.0,108.1,3037.7,8060.4,12125.7,3096.2,5400.5,2664.6,2386.2,1417.4,589.5,5175.2,4714.0,104.14,22082.0,36238.0,11902.0,15780.0,23455.0,10260.0,,,,,,,22.9,3.3,102.5,,,,2073.56,6770.09,,,,,,,,,,,13.080116087806474,34.707498342217896,52.21238556997563,3.044698370021845,29.15151697827229,49.26559185405176,8.099999999999994,0.48578701739499364
内蒙古自治区,2013,11392.4,46320.0,108.7,1582.9,4870.1,4939.4,1605.3,3823.6,1046.6,978.8,586.1,247.5,1752.7,2455.0,107.91,18693.0,26004.0,8985.0,14878.0,19244.0,9080.0,4281.3,3425.1,856.1,17168.0,23590.0,8218.0,23.8,3.7,103.2,109.9,107.7,113.7,1720.98,3686.52,16832.4,11392.4,6889.6,15287.1,40.9,2608.3,5725.0,1396.4,1396.1,441.0,13.894350619711387,42.74867455496648,43.35697482532214,2.8941569282136896,32.359467715318985,46.40488798370672,8.700000000000003,0.969450101832994
内蒙古自治区,2014,12158.2,49585.0,107.8,1638.0,5114.4,5405.8,1661.9,4008.3,1106.1,1073.4,646.2,263.9,1940.4,2449.0,103.9,20559.0,28350.0,9976.0,16258.0,20885.0,9972.0,4959.2,3827.1,1132.2,19827.0,25885.0,11070.0,24.8,3.6,101.6,108.7,107.8,108.6,1843.67,3879.98,17769.5,12158.2,7158.2,13453.9,40.3,2199.0,6182.8,1591.9,1470.3,301.3,13.47238900495139,42.065437318024046,44.46217367702456,2.8418203688853247,31.91245414617295,49.64556962025316,7.799999999999997,1.0126582278481013
内蒙古自治区,2015,12949.0,52972.0,107.7,1630.2,5269.5,6049.2,1655.3,4121.2,1148.3,1146.7,664.5,283.8,2365.2,2440.0,104.32,22310.0,30594.0,10776.0,17179.0,21876.0,10637.0,5225.2,4037.3,1188.0,20835.0,26872.0,11814.0,25.9,3.7,101.1,104.6,103.6,105.4,1964.48,4252.96,17831.5,12949.0,7452.8,13844.4,41.8,2227.6,6654.3,1671.4,1415.4,192.1,12.589486365637237,40.69457637328268,46.71593726108009,2.839086859688196,32.84392617190517,53.06967213114754,7.700000000000003,1.0614754098360655
内蒙古自治区,2016,13789.3,56560.0,107.0,1650.6,5579.8,6558.9,1677.0,4357.1,1222.7,1220.5,705.1,302.6,2597.7,2436.0,102.05,24127.0,32975.0,11609.0,18072.0,22744.0,11463.0,5608.0,4323.0,1285.0,22293.0,28289.0,13013.0,26.7,3.7,101.2,105.5,104.2,107.2,2016.43,4512.71,18128.1,13789.3,8030.9,12489.5,44.3,2422.9,7015.9,2141.2,1612.5,128.3,11.970150769074571,40.464708143270514,47.56514108765492,2.8404686019467653,32.72617174185782,56.60632183908046,7.0,1.0960591133004924
内蒙古自治区,2017,14898.1,61196.0,104.0,1649.8,5874.3,7374.0,1677.7,4672.0,1202.3,1303.0,735.3,318.7,3105.5,2433.0,100.79,26212.0,35670.0,12584.0,18946.0,23638.0,12184.0,6035.7,4660.9,1374.8,23909.0,29971.0,14184.0,27.1,3.6,101.7,104.3,102.7,106.9,1703.21,4529.93,16096.2,14898.1,8463.4,10391.9,52.6,2427.8,7376.8,2280.8,1789.8,-93.6,11.073895328934562,39.429860183513334,49.496244487552104,2.834551811824539,30.406092052006635,61.2334566378956,4.0,1.1138512124948625
内蒙古自治区,2018,16140.8,66491.0,105.2,1750.7,6335.4,8054.7,1779.8,5104.2,1231.2,1370.2,828.9,330.2,3519.2,2422.0,104.26,28376.0,38305.0,13803.0,19665.0,24437.0,12661.0,,,,,,,27.0,3.6,101.8,,,,1857.65,4831.46,,,,,,,,,,,10.846426447264076,39.2508425852498,49.90273096748613,2.775121350431066,29.93321272799366,66.64244426094137,5.200000000000003,1.1147811725846408
内蒙古自治区,2019,17212.5,71170.0,105.2,1863.3,6763.1,8586.1,1893.5,5458.6,1304.5,1448.3,892.2,361.5,3776.3,2415.0,106.68,30555.0,40782.0,15283.0,20743.0,25383.0,13816.0,,,,,,,28.1,3.7,102.4,,,,2059.69,5100.91,,,,,,,,,,,10.825272331154684,39.29179375453886,49.88293391430646,2.6684551462409214,29.634916485112562,71.27329192546584,5.200000000000003,1.163561076604555
北京市,2013,21134.6,100569.0,107.7,159.8,4168.3,16806.5,162.0,3336.6,872.0,2483.2,1731.5,413.1,8218.1,2125.0,107.62,40830.0,44564.0,17101.0,29176.0,31632.0,13564.0,6974.3,6466.3,508.1,33337.0,35836.0,17663.0,7.5,1.2,103.3,106.6,105.7,118.5,3661.11,4173.66,19500.6,21134.6,11946.1,7595.4,61.3,4971.8,10703.8,2972.1,3131.2,273.0,0.7561061008961609,19.722634920935338,79.5212589781685,2.6059294778083153,19.747996176885298,99.4569411764706,7.700000000000003,0.35294117647058826
北京市,2014,22926.0,106732.0,107.4,159.2,4433.0,18333.9,161.5,3522.8,952.7,2579.0,1745.2,404.4,9098.9,2171.0,102.24,44489.0,48532.0,18867.0,31103.0,33717.0,14535.0,7691.6,7094.6,597.0,36057.0,38515.0,20506.0,7.4,1.3,101.6,104.7,104.3,108.9,4027.16,4524.67,21330.8,22926.0,13329.2,7957.2,62.5,5637.6,11679.6,3099.8,3165.4,352.2,0.694405066714356,19.336040582567467,79.96955435071817,2.572322043780145,19.735976620430954,105.601105481345,7.400000000000006,0.3408567480423768
北京市,2015,24779.1,113692.0,106.9,140.4,4419.8,20218.9,142.8,3458.9,1002.6,2506.7,1899.2,441.7,10222.0,2188.0,109.45,48458.0,52859.0,20569.0,33803.0,36642.0,15811.0,8471.4,7818.2,653.2,39200.0,41846.0,22315.0,7.8,1.4,101.8,106.7,106.6,106.5,4723.86,5737.7,23014.6,24779.1,14503.6,8155.4,63.0,6032.2,13435.5,3454.9,3259.5,334.6,0.56660653534632,17.836806017974823,81.59658744667885,2.5698381058875004,23.15540112433462,113.25,6.900000000000006,0.35648994515539306
北京市,2016,27041.2,123391.0,106.9,129.8,4665.8,22245.7,132.2,3635.5,1074.5,2544.3,2241.2,447.0,11391.1,2195.0,105.85,52530.0,57275.0,22310.0,35416.0,38256.0,17329.0,10621.7,9909.4,712.3,48883.0,52721.0,24285.0,8.0,1.4,101.4,106.2,106.1,107.4,5081.26,6406.77,25669.1,27041.2,15406.5,9716.1,60.0,4784.8,14518.9,3526.5,3405.4,358.0,0.48000650856282795,17.254347978832378,82.26564551260479,2.567234424025101,23.692624587666227,123.19453302961276,6.900000000000006,0.36446469248291574
北京市,2017,29883.0,136172.0,106.8,121.9,5049.4,24711.7,124.3,3885.9,1210.9,2703.7,2420.5,470.4,12866.8,2194.0,102.65,57230.0,62406.0,24240.0,37425.0,40346.0,18810.0,11491.5,10724.0,767.5,52912.0,57100.0,26132.0,8.1,1.4,101.9,105.7,105.8,105.5,5430.79,6824.53,28014.9,29883.0,16842.1,10375.3,60.1,5350.6,16141.0,3911.5,3542.6,571.0,0.4079242378609912,16.89723254024027,82.69484322189874,2.5745049504950495,22.83749958170197,136.20328167730173,6.799999999999997,0.3691886964448496
北京市,2018,33106.0,150962.0,106.7,120.6,5477.4,27508.1,122.6,4139.9,1387.8,2824.1,2481.5,515.3,14667.6,2192.0,98.75,62361.0,67990.0,26490.0,39843.0,42926.0,20195.0,,,,,,,7.9,1.4,102.5,,,,5785.92,7471.43,,,,,,,,,,,0.36428331938826986,16.54498717758963,83.0907295030221,2.5666289165722915,22.56820515918565,151.0310218978102,6.700000000000003,0.3604014598540146
北京市,2019,35445.1,161776.0,106.1,114.4,5667.4,29663.4,116.9,4243.3,1477.4,2867.5,2603.8,538.1,16043.1,2190.0,101.56,67756.0,73849.0,28928.0,43038.0,46358.0,21881.0,,,,,,,7.4,1.3,102.3,,,,5817.1,7408.19,,,,,,,,,,,0.322751740715245,15.989188945188628,83.68805931409614,2.552855365044248,20.900462969493667,161.84977168949771,6.099999999999994,0.33789954337899547
吉林省,2013,9427.9,35139.0,108.5,1250.2,3572.1,4605.5,1286.6,2852.7,737.8,637.0,528.5,160.3,2075.7,2668.0,106.23,15998.0,21331.0,9781.0,12054.0,15941.0,7523.0,3762.0,2777.3,984.7,13676.0,18714.0,7773.0,22.6,3.7,102.9,112.6,110.6,116.9,1156.96,2744.81,13946.8,9427.9,5500.5,9751.5,39.4,1738.5,4351.3,1599.8,1127.5,-43.4,13.260781942765016,37.88900910074461,48.850208956490384,2.180860852673551,29.113694460060035,35.33695652173913,8.5,0.8470764617691156
吉林省,2014,9966.5,37539.0,106.3,1270.2,3804.9,4891.5,1308.2,3065.0,759.6,665.4,615.2,163.6,2195.2,2642.0,103.65,17520.0,23218.0,10780.0,13026.0,17156.0,8140.0,3759.9,2782.1,977.8,13663.0,18549.0,7810.0,23.2,3.4,102.0,105.5,105.6,103.6,1203.38,2913.25,14631.4,9966.5,5408.0,10372.7,37.0,1648.1,4400.4,1600.4,1159.9,-42.6,12.744566853289987,38.17650954186985,49.07892360484016,2.153803339517625,29.23042191340992,37.72331566994701,6.299999999999997,0.878122634367903
吉林省,2015,10018.0,38128.0,106.1,1270.6,3837.8,4909.6,1309.1,3090.7,767.0,666.7,618.6,168.7,2197.7,2613.0,102.02,18684.0,24901.0,11326.0,13764.0,17973.0,8783.0,4027.4,2934.1,1093.3,14630.0,19358.0,8837.0,23.9,3.5,101.7,107.7,105.2,113.0,1229.35,3217.1,15507.9,10018.0,5593.2,11001.2,36.1,1565.8,4683.3,1771.5,1199.0,-35.8,12.683170293471749,38.30904372130166,49.0077859852266,2.1985696627229383,32.113196246755834,38.33907386146192,6.099999999999994,0.9146574818216608
吉林省,2016,10427.0,40259.0,106.5,1130.1,3901.4,5395.5,1171.1,3148.2,773.5,704.9,673.4,178.1,2508.0,2567.0,103.41,19967.0,26530.0,12123.0,14773.0,19166.0,9521.0,3802.5,2768.6,1033.9,13786.0,18144.0,8390.0,25.7,3.5,101.6,103.4,102.6,104.8,1263.78,3586.09,14776.8,10427.0,5567.1,10185.7,37.7,1764.5,4836.3,1817.6,1239.9,-32.9,10.838208497170806,37.41632300757649,51.74546849525271,2.1884022106739254,34.392346791982355,40.61940007791196,6.5,1.0011686793922867
吉林省,2017,10922.0,42890.0,105.2,1095.4,3995.5,5831.2,1137.7,3235.2,781.1,717.8,711.8,181.1,2819.1,2526.0,102.42,21368.0,28319.0,12950.0,15632.0,20051.0,10279.0,4098.8,3009.8,1089.0,15083.0,19552.0,9244.0,26.3,3.5,101.6,106.2,105.6,105.9,1210.91,3725.72,14944.5,10922.0,5799.9,10013.9,38.8,1701.1,5067.5,1961.1,1260.7,-33.8,10.029206837512934,36.58179287865887,53.3890002838282,2.186795366795367,34.112067386925474,43.23832145684877,5.200000000000003,1.0411718131433096
吉林省,2018,11253.8,44925.0,104.4,1160.7,4051.5,6041.6,1205.0,3287.2,785.6,732.9,731.1,188.1,2963.5,2484.0,102.03,22798.0,30172.0,13748.0,17200.0,22394.0,10826.0,,,,,,,26.8,3.5,102.1,,,,1240.89,3789.59,,,,,,,,,,,10.313849544153976,36.001172937141234,53.6849775187048,2.194646494035496,33.67387015941282,45.30515297906602,4.400000000000006,1.0789049919484701
吉林省,2019,11726.8,47554.0,103.0,1287.3,4134.8,6304.7,1333.4,3347.8,808.6,759.1,778.8,192.6,3094.1,2448.0,101.94,24563.0,32299.0,14936.0,18075.0,23394.0,11457.0,,,,,,,23.9,3.1,103.0,,,,1116.95,3933.42,,,,,,,,,,,10.977419244806768,35.25940580550534,53.763174949687894,2.162493304767006,33.54214278405021,47.90359477124183,3.0,0.9763071895424836
四川省,2013,26518.0,32750.0,110.0,3257.4,12418.9,10841.7,3323.6,10309.0,2217.7,1831.4,918.4,645.9,5124.1,8109.0,104.02,14231.0,22228.0,8381.0,11055.0,16098.0,7365.0,10102.5,6502.9,3599.6,12485.0,17899.0,8074.0,42.9,4.1,102.8,108.7,105.4,111.4,2784.1,6220.91,26260.8,26518.0,13223.1,13081.7,50.4,3120.6,12464.0,3180.5,3070.9,412.9,12.283731804811826,46.831963194811074,40.884305000377104,2.652189476196158,23.459197526208612,32.701936120360095,10.0,0.5290418054014059
四川省,2014,28891.3,35563.0,108.5,3524.7,13082.7,12283.9,3598.7,10703.8,2494.8,2083.2,1308.0,706.0,5510.1,8139.0,98.23,15749.0,24234.0,9348.0,12368.0,17760.0,8301.0,11174.2,7156.1,4018.1,13755.0,19318.0,9092.0,54.4,4.2,101.6,108.4,106.6,110.0,3061.07,6796.61,28536.7,28891.3,14529.9,13990.6,50.9,3355.7,13593.9,3595.2,3303.3,435.9,12.199866395766197,45.2824898844981,42.517643719735695,2.5924261874197687,23.524763510122423,35.49735839783757,8.5,0.6683867797026661
四川省,2015,30342.0,37150.0,107.9,3661.0,13192.5,13488.6,3745.5,10735.0,2555.5,2360.0,1519.7,780.3,5825.8,8196.0,100.89,17221.0,26205.0,10247.0,13632.0,19277.0,9251.0,12073.4,7725.2,4348.2,14774.0,20114.0,10039.0,54.6,4.1,101.5,108.0,104.7,111.0,3355.44,7497.51,30053.1,30342.0,15775.0,14415.3,52.5,3701.5,14574.8,3721.0,3492.8,390.9,12.065743636729167,43.479192277396756,44.455064085874085,2.5573338538108716,24.710005932370972,37.020497803806734,7.900000000000006,0.6661786237188873
四川省,2016,33138.5,40297.0,107.8,3900.6,13450.1,15787.8,3991.9,10790.9,2757.8,2760.3,1878.6,852.9,6674.5,8251.0,99.73,18808.0,28335.0,11203.0,14839.0,20660.0,10192.0,13183.4,8475.4,4708.0,16013.0,21246.0,11094.0,56.3,4.2,101.9,107.3,104.2,110.2,3388.85,8008.89,32934.5,33138.5,17237.9,15800.5,52.3,4054.5,16066.6,4175.7,3644.9,364.8,11.770599152043696,40.58753413703094,47.641866710925356,2.529233241096135,24.167931559968014,40.163010544176466,7.799999999999997,0.6823415343594715
四川省,2017,37905.1,45835.0,108.1,4262.5,14569.2,19073.5,4365.3,11437.8,3235.9,3432.3,2602.6,934.0,7970.6,8289.0,101.93,20580.0,30727.0,12227.0,16180.0,21991.0,11397.0,14841.2,9518.1,5323.1,17920.0,22983.0,12856.0,55.8,4.0,101.4,108.6,105.8,110.9,3577.99,8694.76,36980.2,37905.1,19365.7,17689.3,52.4,4524.5,18513.4,4903.4,4094.3,331.8,11.24515897554953,38.43588742441671,50.31895360003378,2.5130449006297537,22.93823258611638,45.729400410182166,8.099999999999994,0.6731813246471227
四川省,2018,42902.1,51658.0,108.0,4427.4,16056.9,22417.7,4544.3,12360.1,3809.8,3835.5,3118.1,1043.2,9867.1,8321.0,98.67,22461.0,33216.0,13331.0,17664.0,23484.0,12723.0,,,,,,,53.3,3.5,101.7,,,,3911.01,9707.5,,,,,,,,,,,10.319798610787375,37.42692648361381,52.253274905598815,2.4916360363063537,22.62709750804739,51.5588270640548,8.0,0.6405480110563634
四川省,2019,46363.8,55619.0,107.4,4807.5,17187.9,24368.3,4938.0,13165.9,4150.3,4243.8,3269.1,1178.6,10843.3,8351.0,96.73,24703.0,36154.0,14670.0,19338.0,25367.0,14056.0,,,,,,,50.4,3.3,103.2,,,,4070.83,10348.17,,,,,,,,,,,10.369103414956097,37.07189029348392,52.559006291559996,2.4644853442399453,22.319503578222662,55.51886001676446,7.400000000000006,0.6035205364626991
天津市,2013,9945.4,71345.0,110.1,154.8,4407.1,5383.6,158.5,3814.7,625.0,1039.0,828.4,114.9,1491.5,1410.0,98.87,26359.0,28980.0,15353.0,20419.0,22306.0,12491.0,3788.7,3395.8,392.9,26261.0,28779.0,14954.0,21.7,3.6,103.1,106.7,105.6,113.2,2079.07,2549.21,14370.2,9945.4,5634.8,10438.8,39.2,1846.1,3904.5,1437.7,1485.3,607.9,1.5564828314313006,44.312503142124584,54.13101402644413,1.8875789747932,25.632050998451543,70.53475177304965,10.099999999999994,1.5390070921985815
天津市,2014,10640.6,74960.0,107.5,158.8,4615.5,5866.3,163.1,3972.4,677.3,1102.4,867.4,115.2,1706.4,1429.0,100.34,28832.0,31506.0,17014.0,22343.0,24290.0,13739.0,4258.1,3805.9,452.2,28492.0,31000.0,16949.0,22.5,3.5,101.9,106.9,106.1,112.2,2390.35,2884.7,15727.0,10640.6,6253.6,11338.0,39.8,1995.5,4184.7,1544.5,1558.6,686.4,1.4923970452794015,43.376313365787645,55.13128958893295,1.8517691313036324,27.110313328195772,74.46186144156754,7.5,1.5745276417074878
天津市,2015,10879.5,75868.0,106.9,162.3,4489.6,6227.6,167.3,3815.1,695.6,1146.3,926.8,116.6,1886.8,1439.0,120.43,31291.0,34101.0,18482.0,24162.0,26230.0,14739.0,4993.1,4457.9,535.2,32595.0,35290.0,19922.0,25.1,3.5,101.7,106.2,105.7,109.6,2667.11,3232.35,16538.2,10879.5,7155.7,10495.8,43.3,2162.5,4315.4,1584.7,1580.0,503.3,1.4917964980008274,41.26660232547452,57.24160117652466,1.8450925224542798,29.710464635323312,75.60458651841557,6.900000000000006,1.7442668519805422
天津市,2016,11477.2,79647.0,106.0,168.5,4368.0,6940.8,174.6,3773.0,710.8,1199.1,1080.3,123.0,2168.6,1443.0,114.39,34074.0,37110.0,20076.0,26129.0,28345.0,15912.0,5636.3,5042.4,593.9,36257.0,39181.0,22194.0,25.8,3.5,102.1,106.9,106.4,109.3,2723.5,3699.43,17885.4,11477.2,8012.0,10113.9,44.8,2375.8,4578.2,1715.3,1658.7,470.2,1.468115323290321,38.05773134796512,60.47415332874457,1.8484757919904364,32.23286167357892,79.53707553707554,6.0,1.787941787941788
天津市,2017,12450.6,87280.0,103.4,169.0,4564.1,7717.5,174.0,3942.5,704.0,1313.6,1124.5,147.2,2583.2,1410.0,111.1,37022.0,40278.0,21754.0,27841.0,30284.0,16386.0,6078.2,5440.5,637.6,38975.0,42067.0,23952.0,26.0,3.5,102.1,106.4,106.3,106.5,2310.36,3282.54,18549.2,12450.6,8424.2,10137.5,45.4,2346.0,5093.6,2218.4,2035.1,329.7,1.3573643037283343,36.65767111625143,61.98496458002024,1.8515215592534706,26.364512553611874,88.30212765957447,3.4000000000000057,1.8439716312056738
天津市,2018,13362.9,95689.0,103.4,175.3,4835.3,8352.3,181.0,4276.9,674.1,1345.2,1143.4,157.9,2997.2,1383.0,115.72,39506.0,42976.0,23065.0,29903.0,32655.0,16863.0,,,,,,,25.8,3.5,102.0,,,,2106.24,3103.16,,,,,,,,,,,1.311840992598912,36.18451084719634,62.50364816020474,1.8632560156080642,23.222204760942606,96.62255965292842,3.4000000000000057,1.8655097613882863
天津市,2019,14055.5,101557.0,104.8,185.4,4947.2,8922.9,191.8,4372.3,693.8,1357.3,1238.5,169.1,3337.2,1385.0,123.17,42404.0,46119.0,24804.0,31854.0,34811.0,17843.0,,,,,,,26.1,3.5,102.7,,,,2410.41,3555.71,,,,,,,,,,,1.3190565970616484,35.1976094767173,63.48333392622105,1.8593372036768263,25.297641492654122,101.48375451263539,4.799999999999997,1.8844765342960292
宁夏回族自治区,2013,2327.7,35135.0,109.8,210.7,1059.5,1057.5,222.2,846.3,214.2,139.1,108.7,36.2,398.4,666.0,104.32,14566.0,21476.0,7599.0,11292.0,15807.0,6740.0,880.8,657.3,223.6,13537.0,19671.0,7062.0,4.7,4.1,103.4,108.8,105.0,116.1,308.34,922.48,2565.1,2327.7,1340.1,2223.0,52.2,459.3,1223.3,312.3,256.4,111.2,9.051853761223526,45.51703398204236,45.43111225673412,2.8261613370180285,39.63053658117455,34.950450450450454,9.799999999999997,0.7057057057057057
宁夏回族自治区,2014,2473.9,36815.0,108.0,216.9,1113.7,1143.4,229.6,881.0,233.7,146.1,120.7,38.6,441.6,678.0,105.8,15907.0,23285.0,8410.0,12485.0,17216.0,7676.0,999.5,737.1,262.4,15193.0,21212.0,8454.0,5.0,4.0,101.9,111.7,107.7,117.7,339.86,1000.45,2752.1,2473.9,1468.6,2987.7,53.4,469.1,1309.0,346.8,264.0,116.0,8.767178658043655,45.01616814874697,46.21665319320938,2.7687277051129606,40.44019564250778,36.4882005899705,8.0,0.7374631268436578
宁夏回族自治区,2015,2579.4,37876.0,108.0,236.8,1116.8,1225.8,250.7,874.7,243.1,143.8,102.4,40.6,523.3,684.0,106.16,17329.0,25186.0,9119.0,13816.0,18984.0,8415.0,1143.9,869.8,274.1,17210.0,24041.0,9050.0,4.9,4.0,101.1,112.5,108.2,120.0,373.4,1138.49,2911.8,2579.4,1719.7,3516.9,59.1,575.7,1407.2,352.2,246.1,103.8,9.18042955726138,43.296890749786776,47.522679692951854,2.761925649742296,44.13778398077072,37.71052631578947,8.0,0.716374269005848
宁夏回族自治区,2016,2781.4,40339.0,107.4,241.0,1179.7,1360.7,255.7,925.4,255.4,154.0,109.3,43.0,611.5,695.0,106.7,18832.0,27153.0,9852.0,14965.0,20364.0,9138.0,1246.8,950.4,296.4,18570.0,25384.0,9980.0,5.1,3.9,101.5,107.2,104.9,109.6,387.66,1254.54,3168.6,2781.4,1891.6,3757.1,59.7,644.8,1516.7,384.1,252.4,70.8,8.664701229596606,42.41389228446106,48.921406485942335,2.7560901339829478,45.10462357086359,40.020143884892086,7.400000000000006,0.7338129496402876
宁夏回族自治区,2017,3200.3,45718.0,107.3,250.6,1406.0,1543.7,266.3,1129.2,278.1,173.5,131.2,45.6,727.6,705.0,96.91,20562.0,29472.0,10738.0,15350.0,20219.0,9982.0,1428.5,1080.9,347.6,21058.0,27887.0,11956.0,5.1,3.9,101.6,108.0,103.3,118.5,417.59,1372.78,3443.6,3200.3,2113.2,3835.7,61.4,684.7,1728.3,448.3,287.7,-28.8,7.830515889135394,43.93338124550823,48.23610286535637,2.7446451853231513,42.89535356060369,45.39432624113475,7.299999999999997,0.7234042553191489
宁夏回族自治区,2018,3510.2,49614.0,106.8,279.4,1488.1,1742.7,296.1,1191.0,298.5,190.2,145.7,49.4,883.4,710.0,98.27,22400.0,31895.0,11708.0,16715.0,21977.0,10790.0,,,,,,,5.4,3.9,102.3,,,,436.52,1419.06,,,,,,,,,,,7.959660418209788,42.39359580650675,49.64674377528346,2.724205671335839,40.42675631018176,49.43943661971831,6.799999999999997,0.7605633802816902
宁夏回族自治区,2019,3748.5,52537.0,106.5,280.0,1587.1,1881.4,297.7,1272.5,316.2,202.3,160.6,53.7,962.1,717.0,105.95,24412.0,34328.0,12858.0,18297.0,24161.0,11465.0,,,,,,,5.1,3.7,102.1,,,,423.58,1438.29,,,,,,,,,,,7.469654528478058,42.33960250766973,50.19074296385221,2.6697775703841966,38.36974789915966,52.28033472803347,6.5,0.7112970711297071
安徽省,2013,20584.0,34404.0,110.3,2173.2,10233.4,8177.4,2250.3,8045.3,2203.8,1989.8,939.5,374.0,2637.2,5988.0,104.11,15154.0,22789.0,8850.0,10544.0,14594.0,7200.0,6981.3,5040.8,1940.6,11618.0,17779.0,6114.0,32.4,3.4,102.4,103.8,102.1,100.5,2075.08,4349.69,17212.1,20584.0,9189.3,9739.1,53.4,2208.0,10335.0,2312.8,3180.0,179.9,10.55771472988729,49.71531286436067,39.726972405752036,2.5750282485875706,21.131412747765253,34.37541750167001,10.299999999999997,0.5410821643286573
安徽省,2014,22519.7,37580.0,109.2,2295.0,10982.6,9242.1,2380.3,8595.2,2405.1,2204.1,1079.5,416.8,3038.2,5997.0,98.6,16796.0,24839.0,9916.0,11727.0,16107.0,7981.0,7839.2,5658.0,2181.2,12944.0,19259.0,6994.0,31.5,3.2,101.6,107.0,104.1,109.8,2218.44,4664.1,20848.8,22519.7,10136.8,10723.8,48.6,2297.6,11280.0,2656.9,3465.9,181.9,10.19107714578791,48.768855712997954,41.04006714121414,2.504941508672852,20.71119952752479,37.55160913790228,9.200000000000003,0.5252626313156579
安徽省,2015,23831.2,39692.0,108.7,2376.1,10838.3,10616.8,2467.3,8360.5,2495.3,2420.1,1164.8,500.0,3811.5,6011.0,104.9,18363.0,26936.0,10821.0,12840.0,17234.0,8975.0,8522.5,6168.6,2353.8,13941.0,20251.0,7674.0,30.9,3.1,101.3,107.2,104.8,108.8,2454.3,5239.01,22005.6,23831.2,10970.5,11106.5,49.9,2448.0,12192.8,2811.6,3391.6,205.8,9.970542817818659,45.479455503709424,44.55000167847192,2.4892338970520282,21.983827923058847,39.64598236566295,8.700000000000003,0.5140575611379138
安徽省,2016,26307.7,43686.0,108.8,2489.8,11517.5,12300.5,2603.8,8909.4,2626.7,2656.3,1522.2,552.8,4528.1,6033.0,105.52,19998.0,29156.0,11720.0,14712.0,19606.0,10287.0,9541.6,6965.5,2576.1,15466.0,22030.0,8565.0,30.4,3.2,101.8,108.1,105.8,109.3,2672.79,5522.95,24407.6,26307.7,12112.8,12345.1,49.6,2571.2,13434.2,3215.0,3561.2,162.6,9.464113304799337,43.77979154471298,46.756095150487695,2.487713310580205,20.99366345214519,43.60633184153821,8.799999999999997,0.5038952428310957
安徽省,2017,29676.2,49092.0,108.6,2582.3,12681.2,14412.7,2707.3,9739.9,2961.7,2924.0,1921.7,614.7,5532.8,6057.0,104.92,21863.0,31640.0,12758.0,15752.0,20740.0,11106.0,10670.4,7843.3,2827.1,17141.0,23888.0,9610.0,29.0,2.9,101.2,108.1,105.6,109.7,2812.45,6203.81,27018.0,29676.2,13498.9,13569.2,50.0,2828.5,15169.3,3680.7,3945.3,154.3,8.701585782546283,42.73188615793127,48.56652805952245,2.4800125411506504,20.90500131418443,48.99488195476308,8.599999999999994,0.4787848770018161
安徽省,2018,34010.9,56063.0,108.0,2638.0,14094.4,17278.5,2776.0,10639.8,3476.9,3184.0,2711.4,688.2,6526.7,6076.0,106.06,23984.0,34393.0,13996.0,17045.0,21523.0,12748.0,,,,,,,28.1,2.8,102.0,,,,3048.67,6572.15,,,,,,,,,,,7.756336939040132,41.44083220379349,50.802830857166384,2.457344955701629,19.323658003757618,55.975806451612904,8.0,0.4624753127057275
安徽省,2019,36845.5,60561.0,107.3,2916.0,14970.0,18959.5,3069.2,11181.7,3811.6,3404.0,2888.4,741.9,7456.7,6092.0,102.13,26415.0,37540.0,15416.0,19137.0,23782.0,14546.0,,,,,,,26.8,2.6,102.7,,,,3182.71,7392.22,,,,,,,,,,,7.914127912499492,40.62911346025974,51.456758627240774,2.435132330046705,20.062748503887857,60.481779382797114,7.299999999999997,0.43992120814182534
山东省,2013,47344.3,48673.0,109.4,4454.1,22615.9,20274.3,4630.8,19475.3,3188.6,5843.5,2445.2,619.2,6892.4,9746.0,103.87,19008.0,26882.0,10687.0,11897.0,16646.0,6877.0,16241.4,12040.6,4200.8,16728.0,23358.0,9224.0,42.2,3.2,102.2,110.1,107.7,112.0,4559.95,6688.8,54684.3,47344.3,22601.6,29249.5,41.3,6360.2,19205.1,6820.5,7261.3,1703.4,9.40789070701225,47.769002815544845,42.8231064774429,2.5153925329839995,14.127994288647209,48.57818592242972,9.400000000000006,0.4329981530884466
山东省,2014,50774.8,51933.0,108.5,4662.8,23588.0,22524.0,4857.3,20178.2,3476.1,6604.9,2641.2,681.1,7525.1,9808.0,102.65,20864.0,29222.0,11882.0,13329.0,18323.0,7962.0,18726.6,13732.4,4994.2,19184.0,25869.0,11215.0,43.1,3.3,101.9,110.1,106.6,116.1,5026.83,7177.31,59426.6,50774.8,24193.1,31647.1,40.7,5466.5,21273.3,7413.6,7786.4,2133.7,9.183295650598328,46.456116026060165,44.360588323341496,2.459350277731022,14.135575127819312,51.76876019575857,8.5,0.4394371941272431
山东省,2015,55288.8,56205.0,107.8,4902.8,24814.9,25571.1,5110.8,21156.5,3731.6,7306.6,2828.8,802.5,9024.9,9866.0,104.45,22703.0,31545.0,12930.0,14578.0,19854.0,8748.0,20308.4,14844.7,5463.7,20684.0,26993.0,12651.0,43.7,3.4,101.2,109.0,105.2,115.0,5529.33,8250.01,63002.3,55288.8,26144.4,33229.4,41.5,5836.1,24929.6,8321.6,6425.8,2358.0,8.867618758229515,44.88232698123309,46.2500542605374,2.4396751740139213,14.921665870845452,56.03973241435232,7.799999999999997,0.4429353334684776
山东省,2016,58762.5,59239.0,107.4,4830.3,25565.0,28367.2,5072.3,21696.0,3909.4,7842.4,3065.4,868.2,10378.6,9973.0,104.14,24685.0,34012.0,13954.0,15926.0,21495.0,9519.0,25593.4,18958.5,6634.9,25860.0,33016.0,15970.0,45.8,3.5,102.1,108.5,104.6,114.2,5860.18,8755.21,68024.5,58762.5,32149.7,33548.7,47.3,6556.3,26516.7,8892.7,6759.6,1088.6,8.220038289725592,43.505637098489686,48.27432461178473,2.4374372939658877,14.899315039353327,58.92158828837862,7.400000000000006,0.45923994785921984
山东省,2017,63012.1,62993.0,107.3,4832.7,26925.6,31253.8,5114.7,22515.8,4441.0,8057.1,3469.4,983.7,11638.7,10033.0,101.68,26930.0,36789.0,15118.0,17281.0,23072.0,10342.0,28285.5,20854.3,7431.1,28353.0,34955.0,18530.0,45.7,3.4,101.5,108.6,105.2,113.9,6098.63,9258.4,72634.2,63012.1,35185.9,34704.0,48.4,6900.5,29879.5,8958.8,7635.6,1708.6,7.66947935396535,42.73084058458613,49.59968006144852,2.4334568064558804,14.693051017185589,62.80484401475132,7.299999999999997,0.4554968603608094
山东省,2018,66648.9,66284.0,106.3,4950.5,27523.7,34174.7,5273.9,22613.0,5024.9,8747.1,3963.1,1040.7,12730.0,10077.0,100.77,29205.0,39549.0,16297.0,18780.0,24798.0,11270.0,,,,,,,46.5,3.4,102.5,,,,6485.4,10100.96,,,,,,,,,,,7.427729489909061,41.2965555320493,51.275714978041655,2.426765662391851,15.155478935136212,66.13962488835963,6.299999999999997,0.461446859184281
山东省,2019,70540.5,69901.0,105.3,5117.0,28171.8,37251.7,5477.1,22755.1,5532.8,9564.8,4073.7,1173.7,14149.9,10106.0,101.92,31597.0,42329.0,17775.0,20427.0,26731.0,12309.0,,,,,,,44.2,3.3,103.2,,,,6526.71,10739.76,,,,,,,,,,,7.2539888432886075,39.93705743509048,52.80895372162091,2.381378340365682,15.224955876411423,69.80061349693251,5.299999999999997,0.43736394221254704
山西省,2013,11987.2,33848.0,109.0,697.6,6684.3,4605.3,733.1,6113.9,574.1,1007.6,569.3,121.6,1653.2,3535.0,105.52,15120.0,22258.0,7949.0,10118.0,13763.0,6458.0,4372.7,3071.3,1301.4,12078.0,16341.0,7476.0,21.1,3.1,103.1,110.5,107.5,113.5,1701.62,3030.13,12602.2,11987.2,6182.8,8693.5,49.1,1810.1,6102.7,1758.4,1796.5,475.5,5.819540843566471,55.76197944474105,38.41847971169247,2.800100641590137,25.27804658302189,33.91004243281471,9.0,0.5968882602545968
山西省,2014,12094.7,34248.0,104.9,736.6,6378.0,4980.1,775.9,5769.2,612.9,1026.8,636.6,133.3,1817.7,3528.0,103.3,16538.0,24069.0,8809.0,10864.0,14637.0,6992.0,4569.7,3230.6,1339.0,12622.0,17189.0,7692.0,24.5,3.4,101.7,105.0,102.4,107.2,1820.64,3085.28,12761.5,12094.7,6365.6,8818.5,49.9,1795.9,6088.4,2018.4,1766.1,431.2,6.090270945124724,52.73384209612475,41.17588695875053,2.732319218980588,25.509355337461866,34.28202947845805,4.900000000000006,0.6944444444444444
山西省,2015,11836.4,33593.0,103.0,726.2,5219.7,5890.5,767.1,4597.2,626.2,1117.1,680.3,156.2,2321.4,3519.0,107.49,17854.0,25828.0,9454.0,11729.0,15819.0,7421.0,5251.4,3783.3,1468.1,14364.0,19018.0,8809.0,25.6,3.5,100.6,111.5,112.1,106.4,1642.35,3422.97,12766.5,11836.4,7134.7,8821.6,55.9,1883.3,6135.4,1986.6,1583.7,448.4,6.135311412253727,44.098712446351925,49.76597614139435,2.731965305690713,28.91901253759589,33.6356919579426,3.0,0.7274793975561239
山西省,2016,11946.4,33972.0,104.1,724.3,5113.6,6108.5,766.8,4441.2,676.6,1108.1,700.8,165.8,2432.2,3514.0,106.04,19049.0,27352.0,10082.0,12683.0,16993.0,8029.0,5533.3,4029.5,1503.7,15065.0,19724.0,9226.0,26.1,3.5,101.1,103.7,102.5,103.7,1557.0,3428.86,13055.6,11946.4,7451.5,8369.4,57.1,1918.2,6236.8,1959.9,1576.3,1095.0,6.062914350766757,42.80452688676086,51.13255876247237,2.7129537790121008,28.70203575972678,33.99658508821855,4.099999999999994,0.742743312464428
山西省,2017,14484.3,41242.0,106.8,719.2,6635.3,7129.8,764.1,5887.3,752.9,1148.5,956.5,176.8,2980.0,3510.0,108.34,20420.0,29132.0,10788.0,13664.0,18404.0,8424.0,6694.4,4893.7,1800.7,18132.0,23345.0,11284.0,26.5,3.4,101.1,118.8,116.5,121.4,1867.0,3756.42,15528.4,14484.3,8756.4,6700.1,56.4,2062.0,7287.8,2301.8,1890.9,454.6,4.965376303998123,45.81029114282361,49.22433255317827,2.700407860585836,25.934425550423562,41.26581196581196,6.799999999999997,0.754985754985755
山西省,2018,15958.1,45517.0,106.6,740.8,7074.5,8142.9,788.4,6260.2,819.9,1328.3,1035.7,193.5,3467.2,3502.0,104.73,21990.0,31035.0,11750.0,14810.0,19790.0,9172.0,,,,,,,24.6,3.3,101.8,,,,2292.7,4283.91,,,,,,,,,,,4.6421275582459165,44.33144088932335,51.026431552430715,2.6412765957446807,26.84473715542577,45.56853226727584,6.599999999999994,0.7024557395773844
山西省,2019,16961.6,48469.0,106.1,825.3,7466.3,8670.0,875.5,6582.7,894.8,1361.6,1066.7,207.1,3814.5,3497.0,102.32,23828.0,33262.0,12902.0,15863.0,21159.0,9728.0,,,,,,,21.3,2.7,102.7,,,,2347.75,4710.76,,,,,,,,,,,4.8656966323931705,44.018842562022456,51.11546080558438,2.5780499147419005,27.773087444580703,48.50328853302831,6.099999999999994,0.6090935087217616
广东省,2013,62503.4,56029.0,108.5,2876.4,29343.0,30284.0,2950.0,27142.1,2260.5,7404.6,3956.0,1256.7,10797.4,11270.0,110.84,23421.0,29537.0,11068.0,17421.0,21621.0,8938.0,25208.5,21772.0,3436.5,23739.0,30440.0,9914.0,38.0,2.4,102.5,106.4,105.5,108.0,7081.47,8411.0,62164.0,62503.4,32196.2,24997.7,51.8,6987.8,29956.4,7953.3,8826.9,1053.0,4.601989651762945,46.946246124210845,48.45176422402621,2.6686844958438742,13.456867946383715,55.459982253771074,8.5,0.33717834960070986
广东省,2014,68173.0,59909.0,107.8,3038.7,31930.4,33204.0,3118.4,29497.8,2496.2,7946.3,4309.3,1333.4,12108.8,11489.0,118.62,25685.0,32148.0,12246.0,19205.0,23612.0,10043.0,26263.1,21913.9,4349.3,24582.0,30216.0,12674.0,36.8,2.4,102.3,108.3,106.9,113.4,8065.08,9152.64,67809.9,68173.0,33920.6,27930.8,50.0,7657.4,32662.5,9310.1,9787.4,829.0,4.457329943922162,46.83724225537639,48.70542780070144,2.625183733463988,13.425608378683643,59.337627295674125,7.799999999999997,0.32030638001566714
广东省,2015,74732.4,64516.0,108.0,3189.8,33913.8,37628.9,3275.1,31315.5,2684.4,8030.9,5280.5,1452.8,13910.9,11678.0,113.51,27859.0,34757.0,13360.0,20976.0,25673.0,11103.0,28438.6,23884.1,4554.5,26365.0,32393.0,13344.0,37.0,2.5,101.5,106.8,106.2,107.5,9366.78,12827.8,72812.6,74732.4,37211.3,29250.4,51.1,8772.7,36848.2,10391.6,9401.2,1123.7,4.268290235172114,45.38025624728198,50.35145351754592,2.6015718562874253,17.16497797474723,63.994177085117315,8.0,0.31683507449905807
广东省,2016,82163.2,69671.0,107.5,3500.5,35499.2,43163.5,3593.6,32677.9,2909.5,8924.7,6615.7,1575.9,16418.4,11908.0,113.02,30296.0,37684.0,14512.0,23448.0,28613.0,12415.0,31127.6,26113.9,5013.6,28495.0,34667.0,14784.0,38.0,2.5,102.3,105.7,104.9,107.0,10390.35,13446.09,80854.9,82163.2,40885.9,33279.7,50.6,9758.3,40626.1,11141.5,10237.7,1367.4,4.260423157812744,43.2057174014644,52.53385944072285,2.596747519294377,16.365100190839694,68.99832045683574,7.5,0.31911320120927106
广东省,2017,91648.7,76218.0,107.5,3611.4,38536.6,49500.7,3712.7,35344.0,3289.3,9642.1,8178.6,1654.3,19349.9,12141.0,113.46,33003.0,40975.0,15780.0,24820.0,30198.0,13200.0,34097.1,28712.2,5384.9,30762.0,37257.0,15943.0,37.1,2.5,101.5,105.2,104.3,107.6,11320.35,15037.48,89705.2,91648.7,45129.0,38390.9,50.3,11031.9,45801.8,11658.9,11354.3,1266.7,3.9404814252684437,42.04816871379518,54.01134986093638,2.596641318124208,16.407739553316087,75.48694506218598,7.5,0.30557614694012025
广东省,2018,99945.2,81625.0,106.8,3836.4,41398.5,54710.4,3948.9,37651.1,3849.8,10476.0,8533.7,1749.4,22410.7,12348.0,117.27,35810.0,44341.0,17168.0,26054.0,30924.0,15411.0,,,,,,,36.6,2.4,102.2,,,,12105.26,15729.26,,,,,,,,,,,3.8384996593136447,41.421157373083076,54.74034296760328,2.58277027027027,15.737884360629625,80.94039520570132,6.799999999999997,0.29640427599611274
广东省,2019,107986.9,86956.0,106.2,4350.6,43368.2,60268.1,4478.3,39141.8,4334.0,11000.2,9543.2,1880.5,25186.9,12489.0,118.05,39014.0,48118.0,18818.0,28995.0,34424.0,16949.0,,,,,,,36.9,2.3,103.4,,,,12654.53,17297.85,,,,,,,,,,,4.028822014522132,40.16061207424234,55.810565911235535,2.5570198745881605,16.018470758953168,86.46560973656818,6.200000000000003,0.29546000480422774
广西壮族自治区,2013,12448.4,26416.0,110.0,2290.6,4709.3,5448.4,2343.6,3699.7,1013.0,1133.4,733.4,284.8,1925.0,4731.0,109.44,14082.0,22689.0,7793.0,9596.0,14470.0,6035.0,5504.4,3983.8,1520.6,11710.0,19185.0,5795.0,18.0,3.3,102.2,109.1,107.9,105.4,1317.6,3208.67,14378.0,12448.4,7407.7,9725.6,51.5,1903.3,6493.9,1447.4,2081.3,403.8,18.400906147827413,37.8308684720002,43.768225380172396,2.9114590016681636,25.775762346968285,26.312407524836186,10.0,0.3804692454026633
广西壮族自治区,2014,13587.8,28603.0,108.3,2413.4,5145.6,6028.8,2473.9,4023.8,1126.0,1178.7,816.1,284.7,2229.5,4770.0,108.36,15557.0,24669.0,8683.0,10274.0,15045.0,6675.0,6131.5,4413.5,1718.1,12944.0,20518.0,6644.0,18.7,3.2,102.1,107.6,103.8,112.4,1422.28,3479.79,15672.9,13587.8,8187.7,10463.1,52.2,2056.1,7607.1,1587.4,2140.8,326.7,17.761521364753676,37.869265076024085,44.369213559222246,2.841068755038581,25.609664552024615,28.485953878406708,8.299999999999997,0.39203354297693915
广西壮族自治区,2015,14797.8,30890.0,107.9,2565.5,5391.0,6841.4,2633.0,4159.1,1232.8,1252.5,963.4,289.8,2581.7,4811.0,105.57,16873.0,26416.0,9467.0,11401.0,16321.0,7582.0,6645.7,4756.8,1888.8,13857.0,21076.0,7439.0,18.1,2.9,101.5,107.3,104.4,110.9,1515.16,4065.51,16803.1,14797.8,8878.5,11264.7,52.8,2232.9,8449.3,1822.2,2236.8,187.5,17.33691942775664,36.430844917184196,46.23223565505916,2.790324284356185,27.47374609739286,30.758262315526917,7.900000000000006,0.3762211598420287
广西壮族自治区,2016,16116.6,33340.0,107.0,2800.3,5621.0,7695.3,2877.0,4307.3,1315.0,1351.0,1130.6,301.1,2986.6,4857.0,108.43,18305.0,28324.0,10359.0,12295.0,17268.0,8351.0,7231.8,5155.0,2076.8,15013.0,22491.0,8225.0,18.1,2.9,101.6,106.3,103.7,109.1,1556.27,4441.7,18317.6,16116.6,9834.5,12114.1,53.7,2602.7,9367.9,1872.8,2211.2,249.8,17.375252844892845,34.877083255773556,47.74766389933362,2.7342407568298097,27.559783080798677,33.182211241507105,7.0,0.37265801935351045
广西壮族自治区,2017,17790.7,36441.0,107.1,2878.3,6138.3,8774.1,2964.7,4680.1,1466.0,1485.8,1376.5,322.7,3448.3,4907.0,109.2,19905.0,30502.0,11325.0,13424.0,18349.0,9437.0,7847.1,5522.1,2325.0,16064.0,22970.0,9371.0,14.7,2.2,101.6,106.5,102.4,113.4,1615.13,4908.55,18523.3,17790.7,10505.4,9034.5,56.7,2658.4,10245.1,2099.4,2325.2,329.9,16.178677623702274,34.50285823492049,49.31846414137724,2.6933333333333334,27.590538877053746,36.25575708171999,7.099999999999994,0.2995720399429387
广西壮族自治区,2018,19627.8,39837.0,106.8,3021.1,6692.9,9913.9,3116.4,5101.9,1606.6,1607.6,1650.2,342.7,3968.6,4947.0,108.47,21485.0,32436.0,12435.0,14935.0,20159.0,10617.0,,,,,,,16.7,2.3,102.3,,,,1681.45,5310.74,,,,,,,,,,,15.391865660615755,34.098910224731114,50.509224114653115,2.608443908323281,27.057235146068333,39.67616737416616,6.799999999999997,0.3375783303011926
广西壮族自治区,2019,21237.1,42778.0,106.0,3389.7,7046.4,10801.0,3493.9,5246.6,1816.1,1759.0,1798.8,376.9,4374.5,4982.0,106.98,23328.0,34745.0,13676.0,16418.0,21591.0,12045.0,,,,,,,19.7,2.6,103.7,,,,1811.89,5850.96,,,,,,,,,,,15.96121881047789,33.179671424064495,50.859109765457625,2.5405820415326117,27.55065427953911,42.62765957446808,6.0,0.39542352468888
新疆维吾尔自治区,2013,8392.6,36988.0,111.0,1326.6,3479.9,3586.2,1378.8,2951.6,630.3,560.5,364.3,119.1,1506.7,2285.0,105.25,13670.0,21091.0,7847.0,11392.0,16858.0,7103.0,2563.5,1818.4,745.2,11401.0,18285.0,5942.0,11.9,3.4,103.9,103.7,106.1,102.1,1128.49,3067.12,8360.2,8392.6,4599.2,6943.7,55.0,2035.7,4357.5,1304.2,1076.6,248.7,15.806593825586518,41.46341463414634,42.72999154026713,2.687778768956289,36.54552820341729,36.72910284463895,11.0,0.5207877461706784
新疆维吾尔自治区,2014,9264.5,40193.0,110.0,1406.7,3829.3,4028.5,1466.6,3211.2,717.2,552.2,366.2,129.3,1757.4,2325.0,104.5,15097.0,23214.0,8724.0,11904.0,17685.0,7365.0,2837.0,1980.7,856.3,12435.0,19176.0,6859.0,11.2,3.2,102.1,107.0,102.8,113.5,1282.34,3317.79,9273.5,9264.5,5024.5,8301.4,54.2,2187.5,4931.2,1462.3,1230.6,-18.9,15.183765988450537,41.33304549624913,43.48318851530034,2.660935350756534,35.81186248583302,39.847311827956986,10.0,0.48172043010752685
新疆维吾尔自治区,2015,9306.9,39520.0,108.8,1409.7,3446.1,4451.2,1479.8,2770.9,779.7,525.2,379.4,139.7,2084.0,2385.0,104.12,16859.0,26275.0,9425.0,12867.0,19415.0,7698.0,3187.1,2231.2,955.9,13684.0,20532.0,7694.0,10.3,2.9,100.6,108.4,106.2,108.8,1330.9,3804.87,9324.8,9306.9,5639.8,8755.7,60.5,2452.7,5346.3,1606.8,1111.9,29.6,15.146663801439777,37.02696894810358,47.82636725045664,2.787798408488064,40.882248654224284,39.02264150943396,8.799999999999997,0.4318658280922432
新疆维吾尔自治区,2016,9630.8,40020.0,107.5,1473.2,3446.1,4711.6,1554.0,2686.8,840.1,588.3,405.8,142.8,2203.2,2428.0,104.48,18355.0,28463.0,10183.0,14066.0,21229.0,8277.0,3627.2,2532.4,1094.9,15247.0,22272.0,8816.0,9.7,2.5,101.4,110.4,107.6,113.2,1298.95,4138.25,9649.7,9630.8,6155.3,8655.1,63.8,2528.1,5605.0,1652.9,975.5,15.0,15.296597410418547,35.78170264461264,48.92169994496879,2.7951487773740546,42.968912239897,39.66556836902801,7.5,0.3995057660626029
新疆维吾尔自治区,2017,11159.9,45476.0,107.6,1551.8,4096.2,5511.9,1640.3,3266.1,913.2,704.7,448.9,159.0,2615.3,2480.0,102.12,19975.0,30775.0,11045.0,15087.0,22797.0,8713.0,4052.4,2867.2,1185.2,16736.0,24230.0,9573.0,10.0,2.6,102.2,107.7,106.7,106.6,1466.52,4637.24,10882.0,11159.9,7272.1,10695.3,66.8,3219.7,6340.9,1758.9,1142.8,156.8,13.905142519198202,36.704629969802596,49.3902275109992,2.7863286555002262,41.55270208514413,44.99959677419355,7.599999999999994,0.4032258064516129
新疆维吾尔自治区,2018,12809.4,51238.0,106.1,1692.1,4657.2,6460.1,1791.0,3758.5,987.8,742.6,483.5,168.9,3179.7,2520.0,99.76,21500.0,32764.0,11975.0,16189.0,24191.0,9421.0,,,,,,,9.5,2.4,102.0,,,,1531.42,5012.45,,,,,,,,,,,13.209830280887472,36.35767483254485,50.43249488656768,2.7360334029227555,39.13102877574281,50.83095238095238,6.099999999999994,0.376984126984127
新疆维吾尔自治区,2019,13597.1,53542.0,106.2,1781.8,4784.4,7030.9,1888.4,3831.0,1044.6,770.5,520.1,181.4,3591.5,2559.0,101.73,23103.0,34664.0,13122.0,17397.0,25594.0,10318.0,,,,,,,8.4,2.1,101.9,,,,1577.63,5315.49,,,,,,,,,,,13.10426488001118,35.186914856844474,51.708820263144354,2.6416704770614237,39.09282126335762,53.134427510746384,6.200000000000003,0.32825322391559203
江苏省,2013,59349.4,72768.0,109.7,3447.5,29149.4,26752.5,3623.7,25564.4,3593.2,6123.5,3668.4,1028.0,9503.6,8192.0,99.94,24776.0,31585.0,13521.0,17926.0,22262.0,10759.0,18702.2,14491.7,4210.4,23585.0,28753.0,14571.0,37.6,3.0,102.3,116.6,114.7,119.6,6568.46,7798.47,59161.8,59349.4,26422.8,27711.1,44.7,7720.6,26353.9,7736.6,7640.4,923.2,5.808820308208676,49.11490259379202,45.07627709799931,2.335995858294505,13.139930647993072,72.447998046875,9.700000000000003,0.458984375
江苏省,2014,64830.5,78711.0,108.6,3607.4,31048.8,30174.3,3808.2,27154.5,3902.5,6559.0,4304.4,1094.5,10931.7,8281.0,101.66,27173.0,34346.0,14958.0,19164.0,23476.0,11820.0,22510.6,17515.5,4995.1,28316.0,34074.0,17780.0,36.6,3.0,102.2,111.9,110.4,114.0,7233.14,8472.45,65088.3,64830.5,31067.3,28796.2,47.7,8556.8,29160.5,8521.8,8018.8,1003.5,5.56435628292239,47.892272927094496,46.54337078998311,2.2961625885813612,13.06861739459051,78.28825021132714,8.599999999999994,0.4419756068107717
江苏省,2015,71255.9,85871.0,108.6,3952.5,33371.8,33931.7,4175.9,28802.6,4607.0,7829.8,4954.1,1112.6,12424.0,8315.0,103.01,29539.0,37173.0,16257.0,20556.0,24966.0,12883.0,25245.2,19689.1,5556.1,31682.0,37515.0,20428.0,36.0,3.0,101.7,110.2,108.5,113.1,8028.59,9687.58,70116.4,71255.9,35041.4,29940.8,50.0,9796.3,32791.0,9192.8,8547.2,659.8,5.546901313573594,46.83367014707534,47.61942853935107,2.2865842406348036,13.595477707810863,85.69561034275407,8.599999999999994,0.4329524954900782
江苏省,2016,77350.9,92658.0,107.8,4039.8,35041.5,38269.6,4286.1,30291.4,4790.0,8447.9,5792.0,1203.2,14459.5,8381.0,101.44,32070.0,40152.0,17606.0,22130.0,26433.0,14428.0,28654.7,22494.0,6160.8,35875.0,41957.0,23459.0,35.2,3.0,102.3,109.1,107.7,110.6,8121.23,9981.96,77388.3,77350.9,39499.9,32254.6,51.0,10845.2,35490.6,10361.0,9306.6,868.7,5.222692948627619,45.30199390052346,49.475313150848926,2.2805861638077927,12.904775510045779,92.2931631070278,7.799999999999997,0.41999761364992244
江苏省,2017,85869.8,102202.0,107.2,4045.2,39124.1,42700.5,4314.5,33782.6,5386.0,9197.5,6907.8,1302.9,16019.5,8423.0,103.02,35024.0,43622.0,19158.0,23469.0,27726.0,15612.0,31892.4,25082.7,6809.7,39796.0,45865.0,26755.0,34.7,3.0,101.7,109.3,107.7,112.2,8171.53,10621.03,85869.8,85869.8,43020.8,36416.8,50.1,11128.4,39574.8,11524.9,9940.0,936.6,4.710852942478031,45.562118463068515,49.72702859445347,2.276960016703205,12.368760611996303,101.9468122996557,7.200000000000003,0.4119672325774665
江苏省,2018,93207.6,110508.0,106.7,4141.7,42129.4,46936.5,4431.4,36113.2,6063.7,10139.3,7467.2,1413.4,17768.1,8446.0,103.43,38096.0,47200.0,20845.0,25007.0,29462.0,16567.0,,,,,,,34.4,3.0,102.3,,,,8630.16,11657.35,,,,,,,,,,,4.443521772902638,45.19953308528489,50.35694514181247,2.264331974094507,12.50686639286925,110.35709211461047,6.700000000000003,0.4072933933222827
江苏省,2019,98656.8,116650.0,105.9,4297.2,43507.5,50852.1,4611.9,37225.7,6330.7,10836.6,7925.9,1531.4,19589.0,8469.0,103.38,41400.0,51056.0,22675.0,26697.0,31329.0,17716.0,,,,,,,35.1,3.0,103.1,,,,8802.36,12573.55,,,,,,,,,,,4.355705840854356,44.0998491741066,51.54444498503905,2.2516427783902975,12.744737311568993,116.49167552249381,5.900000000000006,0.4144527098831031
江西省,2013,14300.2,31952.0,110.1,1540.7,7661.9,5097.7,1591.7,6523.3,1138.6,1005.0,500.6,319.7,1999.0,4476.0,108.52,15100.0,22120.0,9089.0,10053.0,13843.0,6807.0,5375.2,3638.1,1737.1,11910.0,16728.0,7429.0,27.4,3.2,102.5,110.0,106.3,113.7,1621.24,3470.3,14338.5,14300.2,7042.1,6774.2,49.1,1667.0,6368.4,1927.9,2083.6,385.8,10.773899848254933,53.578596253225456,35.64750389851961,2.4337110793266588,24.26749276233899,31.948614834673815,10.099999999999994,0.612153708668454
江西省,2014,15667.8,34988.0,109.7,1626.9,8238.7,5802.3,1682.3,6930.7,1307.9,1114.0,522.8,353.5,2306.1,4480.0,109.27,16734.0,24309.0,10117.0,11089.0,15142.0,7548.0,5415.6,3678.5,1737.1,12000.0,16914.0,7429.0,29.4,3.3,102.3,110.1,106.3,113.7,1881.83,3882.7,14410.2,15667.8,7082.6,6876.9,49.1,1667.0,6525.4,2239.0,2384.5,385.8,10.383650648778712,52.58330727155521,37.03304207966607,2.4027873875654837,24.78139879242778,34.972767857142856,9.700000000000003,0.65625
江西省,2015,16780.9,37436.0,109.1,1714.5,8367.7,6698.8,1773.9,7026.2,1343.2,1213.5,707.6,354.1,2746.7,4485.0,106.12,18437.0,26500.0,11139.0,12403.0,16732.0,8486.0,6598.1,4490.0,2108.1,14489.0,19362.0,9432.0,29.9,3.4,101.5,109.3,106.7,112.1,2165.74,4412.55,16723.8,16780.9,8418.3,7706.0,50.3,1820.2,7243.1,2304.2,2526.7,616.8,10.216911983791192,49.864132054108815,39.91895596209999,2.379028638118323,26.295073565780143,37.415607580824975,9.099999999999994,0.6666666666666666
江西省,2016,18388.6,40950.0,109.0,1794.1,8732.5,7862.0,1851.9,7349.3,1387.5,1397.7,1008.3,373.3,3186.9,4496.0,108.45,20110.0,28673.0,12138.0,13259.0,17696.0,9128.0,7344.9,4875.5,2469.4,16040.0,20335.0,11320.0,31.3,3.4,102.0,108.9,105.8,112.3,2151.47,4617.4,18499.0,18388.6,9362.7,9029.5,50.6,2017.9,8021.9,2481.5,2570.8,274.1,9.756588321024983,47.48866145329172,42.75475022568331,2.3622507826660075,25.110122575943794,40.89991103202847,9.0,0.6961743772241993
江西省,2017,20210.8,44878.0,108.8,1835.3,9444.6,8930.9,1898.5,7969.6,1480.0,1695.0,1289.4,386.1,3496.3,4511.0,108.28,22031.0,31198.0,13242.0,14459.0,19244.0,9870.0,7965.7,5412.5,2553.2,17290.0,21815.0,12009.0,32.3,3.3,102.0,108.2,105.2,111.8,2247.06,5111.47,20006.3,20210.8,10223.2,9738.4,51.1,2257.5,8802.8,2734.2,2916.1,286.7,9.08078848932254,46.73046094167475,44.18875056900271,2.355988521371394,25.29078512478477,44.803369541121704,8.799999999999997,0.7160274883617822
江西省,2018,22716.5,50347.0,108.7,1877.3,10081.2,10758.0,1947.9,8264.2,1823.4,1942.3,1740.3,408.4,4144.9,4513.0,105.83,24080.0,33819.0,14460.0,15792.0,20760.0,10885.0,,,,,,,35.1,3.4,102.1,,,,2373.01,5667.52,,,,,,,,,,,8.264037153610811,44.378315321462374,47.35764752492682,2.3387966804979254,24.948913785134156,50.33569687569244,8.700000000000003,0.7777531575448704
江西省,2019,24667.3,54640.0,107.9,2057.7,10820.3,11789.3,2135.8,8774.2,2053.0,2112.2,1816.3,453.4,4632.7,4516.0,104.29,26262.0,36546.0,15796.0,17650.0,22714.0,12497.0,,,,,,,27.5,2.9,102.9,,,,2487.39,6386.8,,,,,,,,,,,8.341812845345862,43.864954818727625,47.79323233592651,2.313623702203089,25.891767643803743,54.62201062887511,7.900000000000006,0.6089459698848538
河北省,2013,24259.6,33346.0,108.2,3141.9,11178.4,9939.3,3260.8,9847.5,1361.6,1938.8,1251.7,228.6,2954.5,7288.0,105.5,15190.0,22227.0,9188.0,10872.0,14970.0,7377.0,8448.1,5967.0,2481.1,11557.0,17198.0,6460.0,37.2,3.7,103.0,110.8,107.0,115.7,2295.62,4409.58,28301.4,24259.6,11886.6,16167.1,42.0,3438.5,11896.0,3674.5,3528.8,219.1,12.951161602004982,46.078253557354614,40.970584840640406,2.419133652590335,18.1766393510198,33.287047200878156,8.200000000000003,0.5104281009879255
河北省,2014,25208.9,34507.0,106.5,3164.7,11476.9,10567.3,3294.3,10056.3,1452.1,2025.1,1318.0,251.1,3150.6,7323.0,104.91,16647.0,24141.0,10186.0,11932.0,16204.0,8248.0,8955.9,6306.3,2649.6,12171.0,17589.0,7023.0,38.3,3.6,101.7,109.4,106.2,113.2,2446.62,4677.3,29421.2,25208.9,12539.0,17064.7,42.6,3583.1,12396.4,3944.1,3600.9,297.7,12.553899614818576,45.52717492631571,41.91892545886572,2.3700176713135677,18.554161427115027,34.42427966680322,6.5,0.5230096954799945
河北省,2015,26398.4,35994.0,106.8,3100.5,11519.5,11778.4,3240.3,10026.4,1524.4,2153.0,1563.6,274.7,3745.3,7345.0,102.15,18118.0,26152.0,11051.0,13031.0,17587.0,9023.0,9499.1,6679.8,2819.4,12829.0,17924.0,7666.0,39.4,3.6,100.9,109.7,105.9,114.0,2649.18,5632.19,29806.4,26398.4,13197.8,17298.8,44.3,3698.7,12993.3,4343.3,3656.7,53.2,11.745030001818291,43.63711437056791,44.61785562761379,2.3664826712514704,21.3353460815807,35.94063989108237,6.799999999999997,0.5364193328795098
河北省,2016,28474.1,38688.0,106.7,3082.5,12332.3,13059.3,3235.1,10755.9,1610.1,2290.0,1776.6,297.2,4379.0,7375.0,104.61,19725.0,28249.0,11919.0,14247.0,19106.0,9798.0,10670.8,7512.0,3158.8,14328.0,19276.0,8897.0,39.7,3.7,101.5,110.7,106.8,114.5,2849.87,6049.53,32070.5,28474.1,14536.1,18595.7,45.3,3865.4,13868.2,4705.1,3979.2,40.8,10.82562750007902,43.310587516374525,45.86378498354645,2.370081382666331,21.245728574388657,38.60894915254237,6.700000000000003,0.5383050847457628
河北省,2017,30640.8,41451.0,106.6,3130.0,12778.0,14732.8,3298.3,11015.7,1796.8,2553.3,2023.1,330.5,5041.4,7409.0,103.14,21484.0,30548.0,12881.0,15437.0,20600.0,10536.0,11911.3,8425.2,3486.2,15893.0,20753.0,10149.0,39.9,3.7,101.7,109.5,106.6,112.0,3233.83,6639.18,34016.3,30640.8,16055.7,19035.4,47.2,4144.4,14860.0,5306.2,4146.4,47.7,10.215137985953369,41.70256651262369,48.08229550142294,2.3715550034935178,21.667776298268976,41.35618841948981,6.599999999999994,0.5385342151437441
河北省,2018,32494.6,43808.0,106.5,3338.6,12904.1,16252.0,3522.3,10930.3,2007.9,2722.3,2103.4,354.8,6026.4,7426.0,101.67,23446.0,32977.0,14031.0,16722.0,22127.0,11383.0,,,,,,,38.0,3.3,102.4,,,,3513.86,7726.21,,,,,,,,,,,10.274290884359603,39.7113990896977,50.014310025942684,2.3502957736440737,23.776904470281217,43.75787772690547,6.5,0.5117155938594129
河北省,2019,34978.6,47036.0,106.7,3518.4,13393.7,18066.4,3727.5,11310.4,2118.9,2922.5,2356.2,389.0,6856.8,7447.0,104.26,25665.0,35738.0,15373.0,17987.0,23483.0,12372.0,,,,,,,36.0,3.1,103.0,,,,3738.99,8309.04,,,,,,,,,,,10.058750375230499,38.291236044999074,51.65001357977044,2.3247251675014637,23.754638550427977,46.97005505572714,6.700000000000003,0.48341614072780986
河南省,2013,31632.5,33114.0,109.0,3827.2,15995.4,11809.9,3913.5,13441.5,2666.1,2073.4,1627.3,708.9,4398.8,9573.0,101.09,14204.0,21741.0,8969.0,10002.0,15249.0,6359.0,11086.7,7640.7,3446.0,11782.0,18833.0,6438.0,40.2,3.1,102.9,109.6,106.7,110.2,2415.45,5582.31,32155.9,31632.5,15287.4,24376.0,47.5,4200.7,16929.2,4204.5,3522.3,453.9,12.09894886588161,50.56634790168339,37.334703232435,2.4240160553015944,17.64738797123212,33.04345555207354,9.0,0.419931056095268
河南省,2014,34574.8,35982.0,108.9,3988.2,17139.6,13446.9,4089.9,14229.3,3017.8,2296.2,1774.1,764.3,5137.7,9645.0,102.33,15695.0,23672.0,9966.0,11000.0,16184.0,7277.0,12325.6,8434.6,3891.0,13078.0,20111.0,7439.0,40.0,3.0,101.9,108.6,104.2,113.7,2739.26,6028.69,34938.2,34574.8,16850.1,26655.8,48.2,4524.5,18586.9,4779.1,3725.6,588.7,11.535024165068677,49.57266440489722,38.892311430034106,2.3752759381898456,17.43665906961139,35.847382063245206,8.900000000000006,0.41472265422498705
河南省,2015,37084.1,38338.0,108.4,4015.6,17947.9,15120.7,4154.4,14797.6,3204.8,2558.0,1946.3,798.6,5979.4,9701.0,103.99,17125.0,25576.0,10853.0,11835.0,17154.0,7887.0,13721.0,9498.9,4222.1,14507.0,21821.0,8271.0,42.5,3.0,101.3,110.5,108.0,111.0,3016.05,6799.35,37002.2,37084.1,18722.6,27722.5,50.6,5001.7,20021.0,5185.9,3687.9,530.6,10.828331203046043,48.39770036835095,40.77396842860303,2.356583433152124,18.33494678312269,38.227089990722604,8.400000000000006,0.4380991650345325
河南省,2016,40249.3,41326.0,108.2,4063.6,18986.9,17198.8,4217.4,15536.8,3503.8,2940.5,2259.8,843.9,6884.0,9778.0,103.89,18443.0,27233.0,11697.0,12712.0,18088.0,8587.0,15250.8,10629.9,4621.0,16043.0,23454.0,9291.0,43.6,3.0,101.9,109.0,105.9,110.6,3153.47,7453.74,40471.8,40249.3,20777.0,29595.1,51.3,5526.2,21735.4,5744.6,3730.0,-35.0,10.096076205052013,47.17324276447044,42.73068103047755,2.3282038129434897,18.518930764013287,41.163121292697895,8.200000000000003,0.44589895684188996
河南省,2017,44824.9,45723.0,107.8,4139.3,20940.3,19745.3,4310.6,16741.4,4235.8,3227.4,2705.0,979.3,8081.1,9829.0,104.49,20170.0,29558.0,12719.0,13730.0,19422.0,9212.0,17029.7,12051.6,4978.1,17842.0,25593.0,10294.0,40.7,2.8,101.4,109.0,106.8,109.1,3407.22,8215.52,44552.8,44824.9,23129.6,30415.3,51.9,6099.9,24310.0,6431.6,4029.3,632.5,9.234376429172181,46.715776276132246,44.04984729469559,2.3239248368582435,18.328027502571114,45.604741072336964,7.799999999999997,0.41408078136127785
河南省,2018,49935.9,50714.0,107.6,4311.1,22038.6,23586.2,4501.2,17323.4,4790.8,3698.0,3079.9,1037.9,10141.5,9864.0,102.45,21964.0,31874.0,13831.0,15169.0,20989.0,10392.0,,,,,,,48.6,3.0,102.3,,,,3766.02,9217.73,,,,,,,,,,,8.63326784938291,44.13377950532583,47.23295264529127,2.3045332947726123,18.459124597734295,50.624391727493915,7.599999999999994,0.4927007299270073
河南省,2019,53717.8,54356.0,106.8,4635.7,23035.6,26046.5,4860.7,17938.2,5174.8,4043.4,3352.3,1157.6,11379.5,9901.0,102.03,23903.0,34201.0,15164.0,16332.0,21972.0,11546.0,,,,,,,49.4,3.2,103.0,,,,4041.89,10163.93,,,,,,,,,,,8.629727948650167,42.88261991369713,48.487652137652695,2.255407544183593,18.92097219171299,54.254923745076255,6.799999999999997,0.4989395010604989
浙江省,2013,37334.6,65105.0,108.3,1718.7,18162.8,17453.1,1745.7,15835.8,2358.9,4457.5,2162.9,646.6,6037.3,5784.0,107.54,29775.0,37080.0,17494.0,20610.0,25254.0,12803.0,13593.2,10505.6,3087.6,24771.0,30101.0,15458.0,33.4,3.0,102.3,107.4,105.8,110.6,3796.92,4730.47,37568.5,37334.6,17737.2,16139.7,47.2,4144.1,17848.2,4813.3,5174.9,972.7,4.603504523953652,48.648706561741655,46.74778891430469,2.1195838573225108,12.670471894703574,64.54806362378976,8.299999999999997,0.5774550484094052
浙江省,2014,40023.5,68569.0,107.7,1726.6,19580.7,18716.2,1756.0,16955.3,2680.9,4808.8,2142.0,726.1,6746.2,5890.0,109.98,32658.0,40393.0,19373.0,22552.0,27242.0,14498.0,14794.8,11412.8,3382.0,26885.0,32186.0,17281.0,33.1,3.0,102.1,107.3,105.7,110.8,4122.02,5159.57,40173.0,40023.5,19365.4,17000.9,48.2,4570.6,18611.9,5290.4,5692.6,826.3,4.31396554524217,48.92300773295689,46.76302672180094,2.08501522737831,12.89135133109298,67.95161290322581,7.700000000000003,0.5619694397283531
浙江省,2015,43507.7,73276.0,108.0,1771.4,20606.6,21129.8,1803.8,17803.3,2853.7,5290.6,2436.6,813.8,8050.2,5985.0,107.37,35537.0,43714.0,21125.0,24117.0,28661.0,16108.0,15858.8,12038.6,3820.2,28712.0,33359.0,19953.0,33.7,2.9,101.4,106.0,103.9,111.0,4809.94,6645.98,42886.5,43507.7,20936.3,18213.3,48.8,5077.5,21027.3,6030.0,5811.5,666.0,4.071453854251422,47.36300157672876,48.565544569019806,2.069301775147929,15.2754110191989,72.69456975772765,8.0,0.5630743525480368
浙江省,2016,47254.0,78384.0,107.5,1890.4,21571.3,23792.4,1925.5,18661.5,2959.4,5828.6,2785.2,889.4,9368.9,6072.0,108.56,38529.0,47237.0,22866.0,25527.0,30068.0,17359.0,17106.7,12988.5,4118.2,30743.0,35152.0,22028.0,33.9,2.9,101.9,105.4,103.7,108.8,5301.98,6974.26,47251.4,47254.0,22751.7,20677.8,48.2,5645.0,22669.9,6231.8,6244.8,716.0,4.0004994275628984,45.64958384563455,50.34991672680253,2.065818245429896,14.759089177635756,77.82279314888011,7.5,0.558300395256917
浙江省,2017,52403.1,85612.0,107.8,1933.9,23246.7,27222.5,1972.8,20038.7,3262.3,6323.6,3511.7,941.3,10839.5,6170.0,111.48,42046.0,51261.0,24956.0,27079.0,31924.0,18093.0,19036.3,14702.1,4334.2,33851.0,38730.0,23717.0,33.8,2.7,102.1,107.2,107.3,104.8,5804.38,7530.32,51768.3,52403.1,25479.0,21861.5,49.2,6442.7,25026.5,6803.8,7113.9,903.0,3.6904305279649483,44.3613068692501,51.94826260278494,2.0540551370411926,14.369989561686236,84.9320907617504,7.799999999999997,0.5478119935170177
浙江省,2018,58002.8,93230.0,107.1,1975.9,25308.1,30718.8,2019.3,21621.2,3737.6,6853.0,4117.1,991.9,12303.7,6273.0,107.97,45840.0,55574.0,27302.0,29471.0,34598.0,19707.0,,,,,,,34.1,2.6,102.3,,,,6598.21,8629.53,,,,,,,,,,,3.406559683325633,43.63254877350748,52.96089154316688,2.0355285327082266,14.877781762259753,92.46421170094054,7.099999999999994,0.5435995536425953
浙江省,2019,62462.0,98770.0,106.8,2086.7,26299.5,34075.8,2135.9,22520.9,3832.1,7360.2,4618.0,1085.5,14025.3,6375.0,107.64,49899.0,60182.0,29876.0,32026.0,37508.0,21352.0,,,,,,,34.4,2.5,102.9,,,,7048.58,10053.03,,,,,,,,,,,3.3407511767154423,42.10479971822868,54.55444910505588,2.0143928236711743,16.094633537190614,97.97960784313726,6.799999999999997,0.539607843137255
海南省,2013,3115.9,34053.0,109.6,723.6,750.9,1641.4,742.7,441.6,310.4,339.5,287.8,148.6,517.1,920.0,111.71,15733.0,22411.0,8802.0,11193.0,15833.0,6376.0,1043.4,745.4,298.0,11712.0,15877.0,7072.0,3.9,2.2,102.8,108.2,103.7,115.1,481.01,1011.17,3146.5,3115.9,1590.4,2233.5,50.5,547.0,1608.0,445.1,472.4,93.1,23.22282486600982,24.098976218748998,52.67819891524118,2.546125880481709,32.451940049423925,33.868478260869566,9.599999999999994,0.4239130434782609
海南省,2014,3449.0,37166.0,108.6,793.2,826.5,1829.3,814.7,485.9,341.8,386.9,294.9,167.4,568.8,936.0,115.37,17476.0,24487.0,9913.0,12471.0,17514.0,7029.0,1161.5,813.4,348.1,12915.0,16823.0,8371.0,4.3,2.3,102.4,108.7,104.8,115.7,555.31,1099.74,3500.7,3449.0,1722.7,2549.3,49.2,561.2,1771.7,500.3,494.0,49.8,22.997970426210497,23.963467671788923,53.03856190200058,2.470190658730959,31.885763989562193,36.848290598290596,8.599999999999994,0.45940170940170943
海南省,2015,3734.2,39704.0,107.8,835.4,882.9,2016.0,859.3,492.9,390.4,425.8,309.7,183.1,640.3,945.0,110.47,18979.0,26356.0,10858.0,13575.0,18448.0,8210.0,1543.9,1166.8,377.1,17019.0,23626.0,9124.0,4.8,2.3,101.0,108.5,104.5,116.9,627.7,1239.43,3702.8,3734.2,2242.7,2325.1,60.6,698.8,1927.5,544.7,514.9,-8.0,22.370993224968533,23.642985298449506,53.98602147658196,2.4273346841038865,33.19131273097317,39.51534391534391,7.799999999999997,0.5079365079365079
海南省,2016,4090.2,43009.0,107.5,924.7,904.0,2261.5,951.6,482.5,422.5,442.8,360.0,202.0,743.1,957.0,111.46,20653.0,28453.0,11843.0,14275.0,19015.0,8921.0,1684.5,1261.3,423.2,18431.0,24664.0,10512.0,5.1,2.4,102.8,106.6,103.1,112.3,637.51,1376.48,4053.2,4090.2,2489.6,2519.1,61.4,805.0,2142.2,594.7,533.6,58.1,22.607696445161608,22.101608723289814,55.29069483154858,2.402516254327451,33.65312209671899,42.739811912225704,7.5,0.5329153605015674
海南省,2017,4497.5,46631.0,107.0,962.8,996.4,2538.4,993.3,528.3,470.0,466.7,444.9,221.4,830.1,972.0,110.02,22553.0,30817.0,12902.0,15403.0,20372.0,9599.0,1929.4,1464.5,464.9,20939.0,27683.0,11848.0,5.5,2.3,102.8,109.5,107.7,110.2,674.11,1443.97,4462.5,4497.5,2781.8,2808.5,62.3,852.4,2346.2,665.3,581.3,7.1,21.406972607612946,22.154037709000356,56.438989683386694,2.3885444117191135,32.106058921623124,46.27057613168724,7.0,0.565843621399177
海南省,2018,4910.7,50263.0,105.8,986.0,1053.1,2871.6,1020.2,582.0,475.2,464.2,481.8,252.4,1030.5,982.0,104.69,24579.0,33349.0,13989.0,17528.0,22971.0,10956.0,,,,,,,5.5,2.3,102.5,,,,752.67,1691.3,,,,,,,,,,,20.078603865029425,21.445007840022807,58.47638829494777,2.3839445278433056,34.44111837416254,50.0071283095723,5.799999999999997,0.560081466395112
海南省,2019,5330.8,53929.0,105.8,1079.0,1083.8,3168.1,1118.0,597.9,490.2,546.6,510.3,267.2,1158.6,995.0,106.34,26679.0,36017.0,15113.0,19555.0,25317.0,12418.0,,,,,,,5.6,2.3,103.4,,,,814.14,1858.6,,,,,,,,,,,20.24048472115403,20.330525802397347,59.428989476448635,2.3831800436710115,34.865311022735796,53.575879396984924,5.799999999999997,0.5628140703517587
湖北省,2013,25378.0,43835.0,110.2,2883.7,11846.3,10648.0,2951.6,10227.4,1657.0,2013.7,1484.9,673.6,4041.1,5798.0,103.33,16472.0,22668.0,9692.0,11761.0,15334.0,7850.0,8053.8,5989.1,2064.7,13912.0,19156.0,7755.0,40.2,3.5,102.8,110.6,108.2,112.7,2191.22,4371.65,25431.7,25378.0,11161.2,13701.9,43.9,3107.4,13483.2,3441.6,2821.4,543.5,11.362991567499408,46.67940736070612,41.95760107179447,2.3388361535286832,17.226140751832293,43.770265608830634,10.200000000000003,0.6933425319075543
湖北省,2014,28242.1,48635.0,109.7,3001.6,13007.9,12232.6,3080.6,11174.2,1875.4,2205.7,1698.7,753.7,4803.1,5816.0,103.9,18283.0,24852.0,10849.0,12928.0,16681.0,8681.0,9124.5,6832.4,2292.1,15762.0,21854.0,8608.0,37.9,3.1,102.0,110.8,108.8,111.7,2566.9,4934.15,28728.2,28242.1,12562.8,15442.9,43.7,3438.3,15031.8,4010.5,3053.7,666.7,10.62810485055998,46.0585438051703,43.313351344269726,2.2907180385288965,17.470903367667418,48.55931911966988,9.700000000000003,0.6516506189821183
湖北省,2015,30344.0,52021.0,108.6,3109.9,13569.5,13664.6,3210.9,11677.3,1957.8,2394.0,1879.9,828.8,5258.6,5850.0,104.12,20026.0,27051.0,11844.0,14316.0,18192.0,9803.0,10167.9,7733.1,2434.7,17429.0,23561.0,9542.0,33.4,2.6,101.5,109.2,106.5,109.2,3005.53,6132.84,31226.4,30344.0,13799.7,16757.4,44.2,3631.8,16182.6,4344.2,3033.5,661.1,10.248813604007383,44.71889006063802,45.0322963353546,2.2839412360688955,20.211046664909045,51.87008547008547,8.599999999999994,0.5709401709401709
湖北省,2016,33353.0,56844.0,108.1,3406.5,14527.0,15419.5,3527.9,12480.5,2109.2,2569.5,2231.7,913.7,5892.6,5885.0,105.49,21787.0,29386.0,12725.0,15889.0,20040.0,10938.0,11379.2,8669.3,2709.9,19391.0,25703.0,10860.0,32.9,2.4,102.2,109.7,107.7,111.7,3102.06,6422.98,32665.4,33353.0,15255.0,18515.8,46.7,3875.8,17812.3,4856.0,3075.7,270.4,10.213474050310317,43.55530237160076,46.23122357808892,2.309312377210216,19.25757802896291,56.67459643160578,8.099999999999994,0.5590484282073067
湖北省,2017,37235.0,63169.0,107.8,3529.0,15713.9,17992.2,3690.3,13431.6,2342.5,2819.3,2794.3,1022.2,7003.0,5904.0,106.34,23757.0,31889.0,13812.0,16938.0,21276.0,11633.0,12754.5,9728.5,3026.0,21642.0,28121.0,12432.0,37.1,2.6,101.5,109.4,107.0,113.2,3248.32,6801.26,35478.1,37235.0,17171.8,20586.5,48.4,4417.3,19941.9,5527.7,3293.0,267.1,9.477616549975695,42.20184718182574,48.32053626819855,2.3087894584419346,18.265771451591245,63.06741192411924,7.799999999999997,0.6283875338753387
湖北省,2018,42022.0,71097.0,107.8,3548.2,17573.9,20899.9,3734.3,14849.6,2781.4,3098.0,3320.1,1125.9,8527.7,5917.0,106.15,25815.0,34455.0,14978.0,19538.0,23996.0,13946.0,,,,,,,36.1,2.6,101.9,,,,3307.08,7258.27,,,,,,,,,,,8.443672362096045,41.820712959878165,49.7356146780258,2.30037388169315,17.27254771310266,71.01909751563292,7.799999999999997,0.6101064728747676
湖北省,2019,45429.0,76712.0,107.3,3809.4,18723.0,22896.5,4014.3,15707.6,3073.1,3347.1,3455.3,1248.5,9566.0,5927.0,101.45,28319.0,37601.0,16391.0,21567.0,26422.0,15328.0,,,,,,,37.6,2.4,103.1,,,,3388.57,7970.21,,,,,,,,,,,8.385411048913797,41.21385285578123,50.400736095304964,2.294002806418156,17.544321908912806,76.64754513244475,7.299999999999997,0.6343850177155391
湖南省,2013,23545.2,35702.0,110.1,2589.2,10913.8,10042.3,2702.1,9179.7,1742.9,2356.6,1095.5,518.7,4083.8,6600.0,105.7,16005.0,24352.0,9029.0,11946.0,16867.0,7833.0,8610.7,6150.8,2459.9,12920.0,19508.0,7005.0,45.6,4.2,102.5,108.1,105.6,109.0,2030.88,4690.89,24501.7,23545.2,11281.0,13573.9,46.0,2670.3,11680.2,2724.9,3708.1,427.8,10.996674495546882,46.352350575274045,42.65097492917907,2.697087163584007,19.922914224555324,35.67454545454545,10.099999999999994,0.6909090909090909
湖南省,2014,25881.3,39181.0,109.5,2671.0,11825.1,11385.2,2793.1,9859.9,1975.8,2619.0,1214.6,570.0,4701.4,6611.0,105.29,17622.0,26570.0,10060.0,13289.0,18335.0,9025.0,9657.1,6929.3,2727.8,14384.0,21227.0,7908.0,47.3,4.1,101.9,109.2,106.6,111.2,2262.79,5017.38,27037.3,25881.3,12463.1,15139.7,46.1,2806.0,13070.0,2860.7,3807.3,512.5,10.32019257147052,45.68974510553952,43.99006232298996,2.6411530815109345,19.38612048081047,39.14884283769475,9.5,0.7154742096505823
湖南省,2015,28538.6,43155.0,108.5,2747.9,12665.7,13125.0,2878.9,10458.8,2217.1,2884.8,1473.1,654.6,5510.4,6615.0,102.98,19317.0,28838.0,10993.0,14267.0,19501.0,9691.0,11011.5,7710.1,3301.4,16289.0,22770.0,9785.0,45.1,4.1,101.4,107.4,105.8,107.0,2515.43,5728.72,28902.2,28538.6,14755.8,15085.0,51.1,3744.3,14241.2,3280.1,4234.3,470.1,9.62871339168705,44.380943704316266,45.9903429039967,2.623305740016374,20.073584548646398,43.14225245653817,8.5,0.6817838246409675
湖南省,2016,30853.5,46606.0,108.0,2915.6,12942.0,14995.9,3063.1,10540.1,2411.7,3141.5,1815.0,726.7,6505.6,6625.0,104.51,21115.0,31284.0,11930.0,15750.0,21420.0,10630.0,11897.7,8469.4,3428.3,17490.0,24025.0,10461.0,44.9,4.2,101.9,108.0,106.5,106.7,2697.88,6339.16,31551.4,30853.5,16122.6,16477.4,51.1,4224.9,15330.5,3548.8,4565.9,259.9,9.449819307371934,41.94661869804074,48.603561994587324,2.6222967309304277,20.545999643476428,46.57132075471698,8.0,0.6777358490566038
湖南省,2017,33828.1,51030.0,108.0,2998.4,13459.8,17369.9,3165.3,10709.8,2760.2,3423.3,2215.0,774.3,7637.9,6633.0,101.68,23103.0,33948.0,12936.0,17160.0,23163.0,11534.0,13283.9,9639.0,3644.9,19418.0,26244.0,11504.0,44.5,4.0,101.4,108.0,106.2,107.0,2757.82,6869.39,33902.7,33828.1,18076.0,17159.5,53.3,4792.1,16929.8,3906.3,4890.1,425.9,8.863637035482334,39.788814624528115,51.34754833998954,2.62430426716141,20.306756808688636,50.99969847731042,8.0,0.6708879843208201
湖南省,2018,36329.7,54763.0,107.8,3084.2,13904.1,19341.4,3266.5,10785.6,3128.3,3705.4,2623.4,835.6,8658.7,6635.0,101.51,25241.0,36698.0,14093.0,18808.0,25064.0,12721.0,,,,,,,40.4,3.6,102.0,,,,2860.84,7479.61,,,,,,,,,,,8.48947280049106,38.27199233684837,53.23853486266059,2.6039877953593984,20.588141382945636,54.75463451394122,7.799999999999997,0.6088922381311228
湖南省,2019,39894.1,60104.0,107.6,3647.2,15401.7,20845.2,3850.5,11995.8,3416.9,4004.4,2725.1,915.7,9469.3,6640.0,103.88,27680.0,39842.0,15395.0,20479.0,26924.0,13969.0,,,,,,,31.1,2.7,102.9,,,,3007.15,8034.42,,,,,,,,,,,9.142203985050418,38.60646060445028,52.25133541049929,2.5879831113998053,20.13936897937289,60.08147590361446,7.599999999999994,0.46837349397590367
甘肃省,2013,6014.5,23647.0,111.3,658.1,2674.0,2682.4,698.3,2262.6,428.9,445.6,269.8,112.4,1104.8,2537.0,105.64,10954.0,19873.0,5589.0,8943.0,14411.0,5654.0,2480.7,1661.3,819.4,9616.0,16327.0,5245.0,9.3,2.3,103.2,111.7,113.3,108.1,607.27,2309.62,6268.0,6014.5,3682.9,3649.1,58.8,1202.2,2969.3,1035.5,837.4,126.7,10.941890431457312,44.459223543104166,44.598886025438524,3.5557344784397924,38.40086457727159,23.707134410721324,11.299999999999997,0.36657469452108793
甘肃省,2014,6518.4,25724.0,109.0,695.8,2823.3,2999.4,739.7,2374.3,466.1,475.8,313.1,118.9,1237.3,2531.0,107.6,12185.0,21804.0,6277.0,9875.0,15942.0,6148.0,2761.8,1896.6,865.2,10678.0,17925.0,5661.0,9.7,2.2,102.1,110.8,109.6,107.3,672.67,2541.49,6836.8,6518.4,4035.6,4116.7,59.0,1273.8,3188.6,1131.7,891.4,33.6,10.674234869985426,43.31211168213546,46.013653447879115,3.473633901545324,38.98947594501718,25.754247333069934,9.0,0.3832477281706835
甘肃省,2015,6556.6,25946.0,108.2,733.4,2505.4,3317.8,780.7,2031.6,484.2,490.3,335.3,126.7,1410.4,2523.0,106.18,13467.0,23767.0,6936.0,10951.0,17451.0,6830.0,3079.9,2145.4,934.5,11868.0,19480.0,6255.0,9.5,2.1,101.6,109.6,107.1,109.0,743.86,2958.31,6790.3,6556.6,4374.2,4412.3,64.4,1294.3,3311.5,1078.7,798.3,36.6,11.185675502547051,38.21187810755575,50.6024463898972,3.4266147635524797,45.11957416953909,25.987316686484345,8.200000000000003,0.3765358699960365
甘肃省,2016,6907.9,27396.0,107.6,800.8,2483.5,3623.7,834.5,1995.5,498.3,516.6,364.7,133.3,1575.0,2520.0,102.85,14670.0,25693.0,7457.0,12254.0,19539.0,7487.0,3408.5,2418.3,990.2,13086.0,21128.0,6781.0,9.8,2.2,101.3,108.8,107.3,106.4,786.97,3150.03,7200.4,6907.9,4751.4,4894.0,66.0,1342.9,3548.0,1197.8,845.0,-18.9,11.592356687898087,35.951071221771855,52.45657209033004,3.4454874614456217,45.600399542552736,27.412301587301588,7.599999999999994,0.3888888888888889
甘肃省,2017,7336.7,29103.0,103.5,859.8,2515.8,3961.2,896.0,2020.5,504.6,540.6,394.4,138.7,1745.7,2522.0,103.27,16011.0,27763.0,8076.0,13120.0,20659.0,8030.0,3718.2,2664.0,1054.3,14203.0,22344.0,7395.0,9.6,2.7,101.4,107.8,104.7,109.2,815.73,3304.44,7459.9,7336.7,5148.3,3557.1,69.0,1430.1,3759.8,1186.6,916.9,247.5,11.719005561007522,34.290153745502124,53.99084069349035,3.437716691431402,45.03986806057219,29.090800951625695,3.5,0.38065027755749403
甘肃省,2018,8104.1,32178.0,106.1,926.1,2761.6,4416.4,962.3,2253.4,518.2,587.6,440.8,143.0,2017.1,2515.0,103.65,17488.0,29957.0,8804.0,14624.0,22606.0,9065.0,,,,,,,10.0,2.8,102.0,,,,871.05,3772.23,,,,,,,,,,,11.427549018398096,34.076578521982704,54.4958724596192,3.4026578827805545,46.547179822558945,32.22306163021869,6.099999999999994,0.3976143141153081
甘肃省,2019,8718.3,34707.0,106.2,1059.3,2862.4,4796.6,1097.2,2319.8,553.0,646.3,470.5,158.3,2172.7,2509.0,102.19,19139.0,32323.0,9629.0,15879.0,24454.0,9694.0,,,,,,,10.8,3.0,102.3,,,,850.49,3951.6,,,,,,,,,,,12.150304531846807,32.83208882465619,55.01760664349702,3.3568387163776094,45.325350125597886,34.748106815464325,6.200000000000003,0.43045037863690716
福建省,2013,22503.8,58255.0,111.0,1745.2,11805.5,8953.2,1805.2,9650.2,2196.8,2256.6,1108.8,398.7,2696.5,3885.0,107.89,21218.0,28174.0,11405.0,16177.0,20565.0,9986.0,6437.0,4917.4,1519.6,17115.0,21725.0,10147.0,14.7,3.6,102.5,107.1,105.4,108.1,2119.45,3068.8,21759.6,22503.8,8389.9,11678.6,38.6,1953.0,11663.1,2340.4,2967.5,1126.1,7.755100227071751,52.459795857606906,39.78510391532134,2.4703200350723367,13.636808005759029,57.924839124839124,11.0,0.3783783783783784
福建省,2014,24942.1,63709.0,109.9,1855.9,13165.1,9921.2,1920.7,10682.2,2528.8,2531.3,1184.7,424.1,3026.4,3945.0,108.56,23331.0,30722.0,12650.0,17644.0,22204.0,11056.0,7238.4,5490.9,1747.5,19099.0,23642.0,11908.0,14.3,3.5,102.0,107.9,105.9,111.1,2362.21,3306.7,24055.8,24942.1,9299.3,13038.0,38.7,2061.0,13084.0,2619.7,3520.2,1139.7,7.440803136852403,52.78243298506147,39.776763878086136,2.4286166007905137,13.257504380144415,63.224588086185044,9.900000000000006,0.36248415716096327
福建省,2015,26819.5,67649.0,108.9,1932.8,13735.7,11150.9,2003.2,11008.7,2774.4,2747.4,1258.6,458.6,3605.8,3984.0,105.71,25404.0,33275.0,13793.0,18850.0,23520.0,11961.0,7961.5,5991.8,1969.7,20828.0,25202.0,13631.0,15.4,3.7,101.7,108.8,106.5,114.0,2544.24,4001.58,25979.8,26819.5,10328.9,14140.3,39.8,2367.4,14606.7,2990.7,3639.9,1002.5,7.206723491204128,51.21553800607024,41.57773850272564,2.4124555934169507,14.920412386509815,67.31802208835342,8.900000000000006,0.38654618473895586
福建省,2016,29609.4,74024.0,108.4,2145.1,14683.7,12780.6,2221.0,11712.0,3022.5,3043.4,1508.1,493.1,4342.4,4016.0,103.8,27608.0,36014.0,14999.0,20167.0,25006.0,12911.0,9006.8,6779.4,2227.4,23355.0,27859.0,15653.0,16.3,3.9,101.7,110.9,109.3,113.8,2654.83,4275.4,28810.6,29609.4,11614.4,15576.1,40.3,2607.6,16300.1,3165.7,3583.9,1057.7,7.244658790789411,49.591345991475684,43.16399521773491,2.4010934062270817,14.439333454916342,73.72858565737052,8.400000000000006,0.4058764940239044
福建省,2017,33842.4,83758.0,108.1,2215.1,16290.0,15337.3,2294.4,12864.9,3481.2,3426.5,2155.7,557.7,5409.4,4065.0,104.12,30048.0,39001.0,16335.0,21249.0,25980.0,14003.0,10108.4,7617.0,2491.4,25969.0,30474.0,17885.0,17.1,3.9,101.2,109.4,107.3,113.5,2809.03,4684.15,32182.1,33842.4,13150.9,17637.9,40.9,3042.5,18497.5,3365.7,3808.5,871.4,6.545339574025484,48.13488405077655,45.31977637519798,2.387572696663606,13.841069191310307,83.25313653136531,8.099999999999994,0.4206642066420664
福建省,2018,38687.8,94719.0,108.3,2379.0,18847.8,17461.0,2464.3,14781.0,4131.4,3891.9,2436.0,611.8,6414.1,4104.0,108.41,32644.0,42121.0,17821.0,22996.0,28145.0,14943.0,,,,,,,17.3,3.7,101.5,,,,3007.41,4832.69,,,,,,,,,,,6.149225337186399,48.71768361085406,45.133091051959525,2.3635598451265363,12.491508951142219,94.26851851851852,8.299999999999997,0.42153996101364527
福建省,2019,42326.6,102722.0,107.5,2595.5,20065.5,19665.6,2691.1,15654.0,4482.0,4422.9,2697.8,655.6,7200.5,4137.0,107.51,35616.0,45620.0,19568.0,25314.0,30946.0,16281.0,,,,,,,16.8,3.5,102.6,,,,3052.93,5077.93,,,,,,,,,,,6.132077700547646,47.406359121687075,46.46156317776528,2.331357318070319,11.997018423402778,102.3123036016437,7.5,0.40609137055837563
西藏自治区,2013,828.2,26209.0,112.1,81.2,270.8,476.2,83.4,63.9,206.9,65.1,25.2,24.9,284.8,317.0,103.23,9740.0,20394.0,6553.0,6307.0,13679.0,4102.0,195.8,103.6,92.2,6275.0,14001.0,3874.0,1.6,2.5,103.6,116.7,108.7,122.4,95.02,1014.31,807.7,828.2,518.6,898.4,64.2,322.7,520.4,83.3,71.4,0.7,9.804395073653707,32.69741608307172,57.49818884327457,3.1121623683808943,122.47162521130161,26.126182965299684,12.099999999999994,0.5047318611987383
西藏自治区,2014,939.7,29275.0,110.8,88.1,310.3,541.3,90.4,69.7,240.7,71.9,32.7,28.5,315.6,325.0,101.07,10730.0,22016.0,7359.0,7317.0,15669.0,4822.0,228.8,122.7,106.1,7205.0,15009.0,4498.0,1.7,2.5,102.9,111.3,103.6,112.8,124.27,1185.51,920.8,939.7,595.2,1050.9,64.6,366.4,580.4,97.8,84.1,1.2,9.375332552942428,33.02117697137385,57.60349047568373,2.991710830275853,126.15834840906672,28.913846153846155,10.799999999999997,0.5230769230769231
西藏自治区,2015,1043.0,31847.0,111.0,93.6,341.8,607.6,96.2,73.5,268.3,76.3,33.5,31.3,360.5,330.0,102.33,12254.0,25457.0,8244.0,8246.0,17022.0,5580.0,283.7,157.0,126.7,8756.0,17466.0,5412.0,1.8,2.5,102.0,116.1,109.1,117.3,137.13,1381.46,1026.4,1043.0,820.0,1027.0,79.9,536.4,650.4,108.1,87.3,4.9,8.974113135186961,32.77085330776606,58.255033557046985,3.0879427462396896,132.45062320230105,31.606060606060606,11.0,0.5454545454545455
西藏自治区,2016,1173.0,35015.0,110.1,110.5,390.4,672.1,113.6,91.6,298.8,80.5,38.8,32.4,389.4,340.0,102.18,13639.0,27802.0,9094.0,9319.0,19440.0,6070.0,322.0,183.5,138.6,9743.0,18775.0,5952.0,1.8,2.6,102.5,108.0,104.1,107.1,155.99,1587.98,1151.4,1173.0,901.0,1151.9,78.2,578.9,729.6,120.0,97.6,10.9,9.420289855072465,33.28218243819266,57.297527706734876,3.0571805586100727,135.3776641091219,34.5,10.099999999999994,0.5294117647058824
西藏自治区,2017,1349.0,39158.0,110.0,118.2,469.6,761.2,121.5,110.1,359.6,87.8,39.7,34.9,445.4,349.0,100.85,15457.0,30671.0,10330.0,10320.0,21088.0,6691.0,370.5,215.0,155.5,10990.0,20643.0,6676.0,1.9,2.7,101.6,110.6,108.0,109.7,185.83,1681.94,1310.9,1349.0,1045.1,1372.9,79.7,674.6,841.5,134.2,110.3,3.3,8.762045959970349,34.810971089696075,56.42698295033358,2.9691190706679573,124.68050407709414,38.65329512893983,10.0,0.5444126074498566
西藏自治区,2018,1548.4,44051.0,108.9,128.3,582.7,837.3,132.2,127.0,455.8,95.5,48.2,39.5,484.1,354.0,98.98,17286.0,33797.0,11450.0,11520.0,23029.0,7452.0,,,,,,,2.1,2.8,101.7,,,,230.35,1970.68,,,,,,,,,,,8.286507782729446,37.634825292256025,54.07866692501453,2.951703056768559,127.27202273314388,43.740112994350284,8.900000000000006,0.5932203389830508
西藏自治区,2019,1697.8,47491.0,108.1,138.2,635.6,924.0,142.1,131.7,503.9,104.5,54.5,41.9,549.6,361.0,100.31,19501.0,37410.0,12951.0,13029.0,25637.0,8418.0,,,,,,,2.1,2.9,102.3,,,,221.99,2187.75,,,,,,,,,,,8.139945812227587,37.43668276593238,54.42337142184003,2.8885800324299282,128.85793379667805,47.03047091412743,8.099999999999994,0.5817174515235457
贵州省,2013,7973.1,22089.0,112.4,999.3,3171.0,3802.7,1032.6,2533.3,638.7,647.9,274.4,227.1,1728.9,3632.0,107.05,11083.0,20565.0,5898.0,8288.0,13768.0,5291.0,3332.7,2150.6,1182.1,9541.0,16581.0,5383.0,13.7,3.3,102.5,112.7,106.7,118.7,1206.41,3082.66,8006.8,7973.1,4535.8,5141.8,56.6,1203.1,4399.9,928.5,1358.1,119.7,12.533550733726326,39.77172958735733,47.69471967891634,3.4867751780264498,38.663255195595184,21.952367841409693,12.400000000000006,0.37720264317180613
贵州省,2014,9173.1,25101.0,110.8,1281.5,3582.4,4309.3,1317.2,2840.3,743.1,733.7,308.5,243.8,1989.3,3677.0,104.68,12371.0,22548.0,6671.0,9303.0,15255.0,5970.0,3982.3,2564.8,1417.4,11362.0,18804.0,6620.0,14.1,3.3,102.4,113.1,110.2,111.9,1366.67,3542.8,9266.4,9173.1,5288.5,5928.8,57.1,1306.2,5195.6,1047.6,1535.8,185.5,13.97004316923211,39.05289321065713,46.977063620110755,3.3800029980512667,38.62162191625514,24.947239597497962,10.799999999999997,0.38346478107152565
贵州省,2015,10541.0,28547.0,110.7,1642.0,4026.7,4872.3,1714.0,3196.0,833.4,790.6,356.7,264.1,2289.0,3708.0,107.12,13697.0,24580.0,7387.0,10414.0,16914.0,6645.0,4530.9,2898.2,1632.7,12876.0,20082.0,7866.0,14.5,3.3,101.8,109.9,106.7,110.1,1503.38,3939.5,10502.6,10541.0,5957.7,6913.9,56.7,1426.9,6079.7,1173.8,1714.7,190.4,15.577269708756287,38.20036049710653,46.22236979413718,3.3274671720590225,37.37311450526516,28.427723840345198,10.700000000000003,0.39104638619201726
贵州省,2016,11792.4,31589.0,110.5,1861.8,4468.7,5461.8,1959.9,3501.7,970.0,893.7,401.3,292.6,2533.7,3758.0,106.65,15121.0,26743.0,8090.0,11932.0,19202.0,7533.0,5195.2,3403.5,1791.7,14666.0,22301.0,8887.0,14.8,3.2,101.4,112.6,109.6,112.0,1561.34,4262.36,11776.7,11792.4,6746.0,7975.5,57.3,1550.8,6772.2,1314.4,1903.6,219.6,15.788268615961263,37.895067120069875,46.31666426396887,3.3056860321384427,36.14497472948678,31.3794571580628,10.5,0.3938265034592868
贵州省,2017,13605.4,35988.0,110.2,2032.3,4970.9,6602.3,2140.0,3821.4,1152.6,1040.1,487.8,337.2,3175.6,3803.0,107.23,16704.0,29080.0,8869.0,12970.0,20348.0,8299.0,5832.6,3897.4,1935.2,16349.0,24230.0,9879.0,14.9,3.2,100.9,112.2,109.4,111.9,1613.84,4612.52,13540.8,13605.4,7506.4,9085.8,55.4,1673.8,7759.6,1572.3,2038.0,270.6,14.937341516298556,36.53595972217118,48.52669876153026,3.2788363964370277,33.902127096594,35.77544044175651,10.200000000000003,0.39179595056534317
贵州省,2018,15353.2,40271.0,109.1,2156.0,5506.2,7691.0,2273.0,4165.5,1344.9,1181.2,572.3,378.4,3790.3,3822.0,109.37,18430.0,31592.0,9716.0,13798.0,20788.0,9170.0,,,,,,,15.1,3.2,101.8,,,,1726.85,5029.68,,,,,,,,,,,14.042675142641272,35.86353333507021,50.09379152228851,3.2515438452037877,32.7598155433395,40.170591313448455,9.099999999999994,0.39508110936682367
贵州省,2019,16769.3,43727.0,108.3,2280.6,5971.5,8517.3,2408.0,4459.0,1517.1,1269.9,644.2,417.2,4284.1,3848.0,107.42,20397.0,34404.0,10756.0,14780.0,21402.0,10222.0,,,,,,,15.3,3.1,102.4,,,,1767.47,5948.74,,,,,,,,,,,13.599771011485204,35.60950302336398,50.790725965150806,3.1985868352547415,35.47399116242181,43.57926195426195,8.299999999999997,0.3976091476091476
辽宁省,2013,19208.8,43956.0,108.7,1973.4,9204.2,8031.2,2067.4,8039.6,1263.8,1459.3,988.8,250.3,3226.5,4365.0,101.97,20818.0,26697.0,10161.0,14950.0,19318.0,7032.0,8847.4,7295.0,1552.4,20156.0,25161.0,10417.0,39.6,3.4,102.4,109.5,106.7,117.6,3343.81,5197.42,27077.7,19208.8,11214.9,16479.8,41.4,2367.4,10021.7,2677.2,2096.9,464.8,10.2734163508392,47.91657990087877,41.810003748282035,2.627398878063183,27.057494481695894,44.006414662084765,8.700000000000003,0.9072164948453608
辽宁省,2014,20025.7,45915.0,105.7,2002.0,9038.8,8984.9,2104.8,7811.3,1297.2,1667.6,1026.6,261.8,3684.5,4358.0,102.74,22820.0,29082.0,11191.0,16068.0,20520.0,7801.0,9773.6,7995.7,1777.9,22260.0,27282.0,12178.0,41.0,3.4,101.7,108.7,106.6,115.7,3192.78,5080.49,28626.6,20025.7,12192.7,16927.4,42.6,2419.1,10532.8,2870.7,2099.9,541.6,9.997153657550049,45.136000239691995,44.86684610275796,2.5986953802162454,25.36984974308014,45.95158329508949,5.700000000000003,0.9407985314364388
辽宁省,2015,20210.3,46482.0,102.8,2053.7,8344.6,9811.9,2158.0,7115.7,1298.5,1819.8,1057.3,268.5,3893.5,4338.0,100.45,24576.0,31126.0,12057.0,17200.0,21557.0,8873.0,10393.9,8421.6,1972.3,23693.0,28567.0,13707.0,46.2,3.4,101.4,108.6,107.1,113.8,2127.39,4481.61,28669.0,20210.3,13019.5,12098.9,45.4,2625.6,10645.2,2862.6,2046.5,506.7,10.161700527456434,41.28905206281977,48.549247409723804,2.5815708716927928,22.17488112497093,46.588981097279856,2.799999999999997,1.0650069156293223
辽宁省,2016,20392.5,47069.0,100.5,1841.2,7865.7,10685.6,1945.8,6617.5,1338.0,1920.7,1145.8,284.9,4289.3,4327.0,101.86,26040.0,32876.0,12881.0,19853.0,24996.0,9953.0,10367.6,8631.2,1736.4,23670.0,29254.0,12145.0,47.3,3.8,101.6,110.1,110.4,107.8,2200.49,4577.47,22246.9,20392.5,13149.5,9171.7,59.1,2781.9,10773.4,2946.0,1918.5,510.3,9.028809611376731,38.571533652077974,52.399656736545296,2.552286313174443,22.446830942748562,47.12849549341345,0.5,1.0931361220244973
辽宁省,2017,21693.0,50221.0,104.2,1902.3,8328.9,11461.8,2000.4,7039.0,1388.2,1988.1,1254.6,287.8,4723.4,4312.0,100.12,27835.0,34993.0,13747.0,20463.0,25379.0,10787.0,10874.8,8947.9,1927.0,24866.0,30342.0,13528.0,42.7,3.8,101.4,103.4,102.6,106.9,2392.77,4879.42,23409.2,21693.0,13777.3,9639.0,58.9,2902.5,11486.2,3144.9,1990.1,488.5,8.769188217397318,38.394412944267735,52.836398838334944,2.5455008365461556,22.493062278154245,50.30844155844156,4.200000000000003,0.9902597402597403
辽宁省,2018,23510.5,54657.0,105.6,2020.6,9049.0,12441.0,2109.6,7728.7,1433.9,2046.9,1368.6,296.3,5365.5,4291.0,100.37,29701.0,37342.0,14656.0,21398.0,26448.0,11455.0,,,,,,,44.4,3.9,102.5,,,,2616.08,5337.72,,,,,,,,,,,8.594421239781205,38.48902197306747,52.91655678715132,2.5478984716157207,22.703557984730228,54.79025868096015,5.599999999999994,1.0347238405965975
辽宁省,2019,24855.3,58019.0,105.4,2178.0,9475.9,13201.4,2266.9,8052.2,1480.1,2147.9,1491.9,316.9,5800.1,4277.0,100.71,31820.0,39777.0,16108.0,22203.0,27355.0,12030.0,,,,,,,45.6,4.2,102.4,,,,2652.4,5745.09,,,,,,,,,,,8.76271861534562,38.1242632356077,53.11301814904669,2.4693940898932207,23.114144669346175,58.11386485854571,5.400000000000006,1.066167874678513
重庆市,2013,13027.6,43527.0,112.3,941.2,5988.6,6097.7,955.3,4775.7,1213.0,1171.5,778.2,291.1,2130.0,3011.0,103.96,16569.0,23058.0,8493.0,12600.0,17124.0,6971.0,4561.4,3734.6,826.9,15423.0,21898.0,6604.0,12.1,3.4,102.7,112.2,109.4,114.9,1693.24,3062.28,12783.3,13027.6,6061.6,6646.8,47.4,1500.2,6239.5,1799.5,1490.2,338.0,7.224716944924199,45.968911917098445,46.80637113797735,2.714941716707877,23.50609475267893,43.26668880770508,12.299999999999997,0.40185984722683493
重庆市,2014,14623.8,48311.0,110.9,990.8,6774.6,6858.5,1006.4,5369.9,1404.7,1311.2,869.3,321.9,2449.5,3043.0,105.88,18352.0,25147.0,9490.0,13811.0,18279.0,7983.0,5145.3,4218.9,926.5,17262.0,24000.0,7577.0,13.4,3.5,101.8,111.1,108.8,113.7,1922.02,3304.39,14262.6,14623.8,6764.7,7380.9,47.4,1619.3,7049.3,2030.9,1686.2,374.1,6.775210443178631,46.32553559583968,46.899253960981675,2.6498419388830348,22.59597368672985,48.057180414065066,10.900000000000006,0.44035491291488665
重庆市,2015,16040.5,52480.0,111.0,1067.7,7208.0,7764.8,1086.2,5621.5,1586.5,1462.2,919.0,356.2,2895.7,3070.0,100.6,20110.0,27239.0,10505.0,15140.0,19742.0,8938.0,5665.4,4670.6,994.8,18860.0,25795.0,8337.0,14.3,3.6,101.3,110.6,108.5,113.0,2154.83,3792.0,15717.3,16040.5,7503.2,8042.5,47.7,1837.8,7873.1,2384.6,1671.7,395.5,6.656276300614071,44.936255104267325,48.40746859511861,2.592955735364112,23.640160842866496,52.24918566775244,11.0,0.4657980456026059
重庆市,2016,18023.0,58327.0,110.7,1237.0,7765.4,9020.7,1258.4,5896.2,1869.2,1703.4,1067.9,392.0,3464.8,3110.0,103.37,22034.0,29610.0,11549.0,16385.0,21031.0,9954.0,6378.1,5284.7,1093.4,21032.0,28209.0,9433.0,15.7,3.7,101.8,110.0,107.9,111.5,2227.91,4001.81,17740.6,18023.0,8444.5,9114.9,47.6,2066.4,8925.0,2554.5,1799.1,436.8,6.863414174032215,43.08581764513319,50.0507681808346,2.563858342713655,22.203906119957832,57.951768488745984,10.700000000000003,0.504823151125402
重庆市,2017,20066.3,64171.0,109.3,1276.1,8455.0,10335.2,1300.3,6202.4,2252.6,1955.1,1276.6,426.0,4087.7,3144.0,99.57,24153.0,32193.0,12638.0,17898.0,22759.0,10936.0,7019.7,5838.4,1181.3,22927.0,30101.0,10527.0,14.3,3.4,101.0,108.6,106.4,110.9,2252.38,4336.28,19424.7,20066.3,9290.6,9907.3,47.8,2270.9,10014.3,2806.4,1947.4,473.4,6.3594185275810675,42.13532140952741,51.50526006289151,2.547317613546447,21.609763633554767,63.82410941475827,9.299999999999997,0.45483460559796435
重庆市,2018,21588.8,68460.0,106.0,1378.7,8842.2,11367.9,1405.4,6268.1,2574.1,2024.6,1336.7,458.3,4746.2,3163.0,100.35,26386.0,34889.0,13781.0,19248.0,24154.0,11977.0,,,,,,,13.1,3.0,102.0,,,,2265.54,4540.95,,,,,,,,,,,6.386181723856814,40.957348254650555,52.656470021492616,2.5316740439735868,21.033823093455865,68.25418906101802,6.0,0.4141637685741385
重庆市,2019,23605.8,74337.0,106.3,1551.6,9392.0,12662.2,1581.3,6551.8,2840.1,2192.1,1502.5,502.0,5370.9,3188.0,100.17,28920.0,37939.0,15133.0,20774.0,25785.0,13112.0,,,,,,,17.5,2.6,102.7,,,,2134.93,4847.68,,,,,,,,,,,6.572960882494979,39.78683204975048,53.64020706775453,2.5070375999471355,20.535969973481098,74.04579673776662,6.299999999999997,0.5489335006273526
陕西省,2013,15905.4,41906.0,110.5,1463.5,8418.0,6023.9,1528.6,7156.9,1308.1,1209.7,579.2,274.6,2383.2,3804.0,105.02,14372.0,22346.0,7092.0,11217.0,16399.0,6488.0,4962.9,3735.6,1227.3,13206.0,19620.0,6620.0,21.1,3.3,103.0,110.4,106.6,113.1,1748.33,3665.07,16045.2,15905.4,7051.9,10779.5,44.0,2089.0,6844.5,2025.9,2621.4,259.0,9.201277553535277,52.92542155494361,37.87330089152112,3.1508742244782852,23.042928816628315,41.81230283911672,10.5,0.5546792849631966
陕西省,2014,17402.5,45610.0,109.6,1566.9,9045.0,6790.6,1637.8,7632.4,1473.7,1316.2,655.1,290.0,2619.7,3827.0,107.05,15837.0,24366.0,7932.0,12204.0,17546.0,7252.0,5584.3,4215.8,1368.5,14812.0,21531.0,7552.0,22.3,3.3,101.6,110.1,107.9,111.4,1890.4,3962.5,17689.9,17402.5,7816.1,11783.7,44.2,2231.8,7440.9,2464.4,3135.0,198.4,9.003878753052723,51.97529090647895,39.02083034046833,3.071860816944024,22.76971699468467,45.47295531748106,9.599999999999994,0.5827018552390907
陕西省,2015,17898.8,46654.0,107.7,1599.7,8664.6,7634.5,1675.6,7103.3,1603.2,1390.9,796.0,334.5,3014.3,3846.0,102.59,17395.0,26420.0,8689.0,13087.0,18464.0,7901.0,5813.5,4408.1,1405.4,15363.0,21877.0,7944.0,22.3,3.4,101.0,106.5,104.2,108.1,2059.95,4376.06,18021.9,17898.8,8200.0,11662.8,45.5,2386.5,7921.7,2938.5,3159.5,225.5,8.937470668424698,48.40883187699733,42.65369745457795,3.040626078950397,24.448901602342062,46.538741549661985,7.700000000000003,0.5798231929277171
陕西省,2016,19045.8,49341.0,107.5,1696.1,8906.5,8443.2,1778.9,7226.9,1732.8,1473.2,865.7,346.2,3447.6,3874.0,101.93,18874.0,28440.0,9396.0,13943.0,19369.0,8568.0,6334.7,4822.2,1512.5,16657.0,23206.0,8768.0,22.7,3.3,101.3,107.3,104.9,109.4,1833.99,4389.37,19399.6,19045.8,8790.9,12584.8,45.3,2456.2,8711.0,3114.7,2952.1,322.9,8.90537546335675,46.76359092293313,44.331033613710105,3.0268199233716473,23.04639343057262,49.163138874548274,7.5,0.5859576664945793
陕西省,2017,21473.5,55216.0,107.8,1741.1,10114.1,9618.3,1830.6,8232.9,1959.0,1606.7,1010.5,367.8,4071.0,3904.0,97.38,20635.0,30810.0,10265.0,14900.0,20388.0,9306.0,7068.7,5419.1,1649.6,18485.0,25276.0,9819.0,23.4,3.3,101.6,108.1,105.9,109.8,2006.69,4833.19,21898.8,21473.5,9675.3,14144.1,44.2,2606.6,9454.3,3457.9,3200.2,270.8,8.108133280555101,47.100379537569566,44.79148718187533,3.0014612761811983,22.507695531701863,55.00384221311475,7.799999999999997,0.5993852459016393
陕西省,2018,23941.9,61115.0,108.1,1830.2,11215.3,10896.4,1927.8,9088.1,2233.0,1734.5,1178.6,393.0,4773.0,3931.0,100.47,22528.0,33319.0,11213.0,16160.0,21966.0,10071.0,,,,,,,24.1,3.2,102.1,,,,2243.14,5302.44,,,,,,,,,,,7.644339004005529,46.84381774211737,45.51184325387709,2.9714616962454294,22.147114472953273,60.90536759094378,8.099999999999994,0.6130755532943272
陕西省,2019,25793.2,65506.0,106.0,1991.1,11779.5,12022.6,2098.2,9459.9,2432.3,1872.4,1422.0,426.6,5301.9,3944.0,103.0,24666.0,36098.0,12326.0,17465.0,23514.0,10935.0,,,,,,,23.8,3.2,102.9,,,,2287.9,5718.52,,,,,,,,,,,7.719476451157668,45.66901353845199,46.61151001039033,2.9286061982800584,22.17064962858428,65.39858012170386,6.0,0.603448275862069
青海省,2013,1713.3,30005.0,110.8,204.7,681.0,827.6,207.6,502.0,178.9,114.2,53.9,27.6,432.2,571.0,103.85,12948.0,20352.0,6462.0,11576.0,16223.0,7506.0,694.6,486.4,208.2,12070.0,17617.0,6954.0,4.2,3.3,103.9,111.8,111.1,109.7,223.86,1228.05,2101.1,1713.3,1048.5,2418.3,49.9,353.9,904.3,331.4,180.1,100.8,11.947703262709389,39.74785501663456,48.30444172065604,3.149489322191272,71.67746454211171,30.00525394045534,10.799999999999997,0.7355516637478109
青海省,2014,1847.7,32218.0,109.2,215.9,714.8,917.0,219.0,504.5,210.3,123.2,65.7,30.1,469.9,576.0,101.09,14374.0,22307.0,7283.0,12605.0,17493.0,8235.0,785.8,549.4,236.4,13534.0,19252.0,8007.0,4.2,3.2,102.8,109.7,106.7,113.2,251.68,1347.43,2303.3,1847.7,1154.4,2953.5,50.1,368.6,995.5,420.3,191.7,50.9,11.684797315581536,38.68593386372247,49.629268820696005,3.0628861732802415,72.92471721599827,32.078125,9.200000000000003,0.7291666666666666
青海省,2015,2011.0,34883.0,108.2,208.9,761.1,1041.0,212.2,516.4,244.7,132.1,86.0,40.1,471.1,577.0,109.29,15813.0,24542.0,7933.0,13611.0,19201.0,8566.0,888.7,622.1,266.7,15167.0,21217.0,9109.0,4.4,3.2,102.6,110.1,112.0,108.0,267.13,1515.16,2417.1,2011.0,1486.0,3303.6,61.5,597.3,1017.0,469.1,207.2,70.5,10.387866732968673,37.846842366981605,51.765290900049735,3.0936593974536746,75.34361014420686,34.8526863084922,8.200000000000003,0.7625649913344887
青海省,2016,2258.2,38968.0,107.8,221.2,867.7,1169.3,224.7,597.4,270.3,141.2,93.4,43.6,547.6,582.0,105.8,17302.0,26757.0,8664.0,14775.0,20853.0,9222.0,989.9,685.5,304.4,16751.0,22761.0,10505.0,4.6,3.1,101.8,109.2,106.3,113.6,238.51,1524.8,2572.5,2258.2,1676.4,3551.9,65.2,686.5,1159.7,581.5,215.2,13.6,9.795412275263486,38.42440882118502,51.7801789035515,3.0882963988919667,67.52280577451067,38.80068728522337,7.799999999999997,0.7903780068728522
青海省,2017,2465.1,42211.0,107.2,238.4,975.7,1251.0,242.0,683.2,292.5,145.0,105.0,45.4,574.8,586.0,105.93,19001.0,29169.0,9462.0,15503.0,21473.0,9903.0,1073.9,736.9,337.0,18020.0,23621.0,11868.0,4.7,3.1,101.5,106.6,102.9,111.6,246.2,1530.44,2624.8,2465.1,1815.4,3918.3,69.2,741.6,1251.9,573.7,299.8,-21.3,9.671007261368706,39.580544399821505,50.74844833880978,3.0827520608750794,62.084296783091965,42.06655290102389,7.200000000000003,0.8020477815699658
青海省,2018,2748.0,46854.0,107.1,268.1,1093.7,1386.2,272.0,777.5,316.2,150.9,118.9,47.5,682.3,587.0,108.34,20757.0,31515.0,10393.0,16557.0,22998.0,10352.0,,,,,,,4.6,3.0,102.5,,,,272.89,1647.43,,,,,,,,,,,9.75618631732169,39.79985443959243,50.44395924308588,3.0323294525161164,59.95014556040758,46.81431005110733,7.099999999999994,0.7836456558773424
青海省,2019,2941.1,49976.0,106.1,301.9,1153.9,1485.3,306.0,821.9,332.0,160.8,127.5,50.8,755.9,590.0,106.91,22618.0,33830.0,11499.0,17545.0,23799.0,11343.0,,,,,,,3.1,2.2,102.5,,,,282.25,1863.67,,,,,,,,,,,10.264866886539048,39.23362007412193,50.50151303933902,2.9419949560831378,63.36642752711571,49.849152542372885,6.099999999999994,0.5254237288135594
黑龙江省,2013,11849.1,32068.0,107.6,2539.6,5202.7,4106.9,2584.8,4857.5,428.6,713.5,512.7,144.4,1655.6,3666.0,102.94,15903.0,20848.0,9369.0,12037.0,15704.0,7192.0,4976.5,3747.8,1228.8,12978.0,17102.0,7478.0,41.4,4.4,102.2,109.7,108.5,111.8,1277.4,3369.18,14382.9,11849.1,7963.6,9153.5,55.4,2987.1,5799.0,1448.8,1748.5,278.8,21.43267056003781,43.9076055767478,34.659723863214396,2.225210801579678,28.43405828290756,32.32160392798691,7.599999999999994,1.1292962356792142
黑龙江省,2014,12170.8,33464.0,105.3,2691.0,4872.4,4607.4,2742.6,4527.9,424.5,795.0,543.9,162.6,1864.9,3608.0,100.16,17404.0,22609.0,10453.0,12769.0,16467.0,7830.0,5833.4,4439.9,1393.5,15215.0,20068.0,8594.0,39.9,4.5,101.5,116.1,115.4,116.3,1301.31,3434.22,15275.2,12170.8,8877.3,9288.0,58.1,3043.9,6248.2,1651.9,1690.8,153.5,22.110296775889836,40.03352285798797,37.856180366122196,2.162919735960968,28.216879744963354,33.73281596452328,5.299999999999997,1.1058758314855877
黑龙江省,2015,11690.0,32759.0,105.4,2712.2,3926.9,5050.9,2770.7,3593.9,422.3,830.9,553.1,173.7,2099.2,3529.0,101.59,18593.0,24203.0,11095.0,13403.0,17152.0,8391.0,6304.4,4817.1,1487.3,16443.0,21660.0,9238.0,41.0,4.5,101.1,106.8,106.5,106.8,1165.88,4020.66,15083.7,11690.0,8986.7,9664.1,59.6,2682.3,6554.0,1719.3,1321.1,101.2,23.20102651839179,33.59195893926433,43.20701454234388,2.1814330779630464,34.394011976047906,33.1255313119864,5.400000000000006,1.1618022102578633
黑龙江省,2016,11895.0,34025.0,104.4,2751.2,3689.7,5454.0,2817.7,3367.3,429.5,876.0,571.9,186.6,2317.9,3463.0,102.11,19838.0,25736.0,11832.0,14446.0,18145.0,9424.0,6619.1,5011.1,1608.0,17393.0,22318.0,10305.0,39.6,4.2,101.5,105.6,104.2,108.5,1148.41,4227.34,15386.1,11895.0,9580.0,9151.4,62.3,2960.9,6847.8,1799.9,1106.5,208.9,23.129240262633566,31.01917628563502,45.851583451731415,2.1751183231913456,35.53879781420765,34.34883049379151,4.400000000000006,1.143517181634421
黑龙江省,2017,12313.0,35887.0,106.0,2965.3,3519.5,5828.2,3036.9,3226.1,414.3,900.6,610.5,200.2,2537.1,3399.0,103.83,21206.0,27446.0,12665.0,15577.0,19270.0,10524.0,7155.1,5402.1,1753.0,18859.0,24012.0,11352.0,39.7,4.2,101.3,107.3,106.6,108.8,1243.31,4641.08,15902.7,12313.0,10122.5,9651.4,63.7,2967.4,7178.1,1829.3,1111.4,83.7,24.082676845610333,28.58361081783481,47.33371233655486,2.167074615080932,37.692520100706574,36.22536040011768,6.0,1.1679905854663137
黑龙江省,2018,12846.5,38199.0,104.5,3001.2,3536.0,6309.3,3080.2,3266.7,409.4,946.3,656.3,213.7,2818.9,3327.0,102.93,22726.0,29191.0,13804.0,16994.0,21035.0,11417.0,,,,,,,39.4,4.0,102.0,,,,1282.6,4676.75,,,,,,,,,,,23.362005215428326,27.52500681119371,49.11298797337796,2.1146769052448566,36.40485735414315,38.61286444244064,4.5,1.1842500751427711
黑龙江省,2019,13544.4,41156.0,104.0,3183.2,3640.1,6721.1,3268.2,3334.0,417.4,1001.3,714.2,232.0,3096.5,3255.0,102.77,24254.0,30945.0,14982.0,18111.0,22165.0,12495.0,,,,,,,34.7,3.5,102.8,,,,1262.76,5011.56,,,,,,,,,,,23.501963911284367,26.87531378281799,49.622722305897646,2.065478574289147,37.00097457251706,41.611059907834104,4.0,1.06605222734255
